sequence_identifier;size;sequence_score;identity;Domain;Phylum;Class;Order;Family;Genus;Species
OTU_4076;1373;0.986226;100;Eukaryota;Porifera;Demospongiae;;;;
OTU_4077;238;0;100;Eukaryota;Porifera;Demospongiae;;;;
OTU_4078;131;0;100;Unclassified;;;;;;
OTU_4079;116;0;100;Unclassified;;;;;;
OTU_4080;67;0;100;Eukaryota;Porifera;Demospongiae;;;;
OTU_4081;55;0;100;Eukaryota;Porifera;Calcarea;;;;
OTU_4082;51;0;100;Bacteria;Proteobacteria;Alphaproteobacteria;Rhodobacterales;Rhodobacteraceae;;
OTU_4083;141;0.986559;100;Unclassified;;;;;;
OTU_4084;47;0;100;Unclassified;;;;;;
OTU_4085;24;0;100;Bacteria;Proteobacteria;Gammaproteobacteria;Proteobacteria;Gammaproteobacteria;;
OTU_4086;94;0;100;Unclassified;;;;;;
OTU_4087;20;0;100;Eukaryota;Annelida;Polychaeta;Phyllodocida;;;
OTU_4088;10;0.989266;100;Unclassified;;;;;;
OTU_4089;35;0;100;Unclassified;;;;;;
OTU_4090;22;0.986814;100;Eukaryota;Annelida;Polychaeta;;;;
OTU_4091;6;0;100;Unclassified;;;;;;
OTU_4092;111;0;100;Unclassified;;;;;;
OTU_4093;14;0;100;Unclassified;;;;;;
OTU_4094;7;0;100;Bacteria;Proteobacteria;Gammaproteobacteria;;;;
OTU_4095;19;0;100;Eukaryota;Porifera;Demospongiae;Clionaida;;;
OTU_4096;9;0;100;Eukaryota;Annelida;Polychaeta;;;;
OTU_4097;17;0;100;Unclassified;;;;;;
OTU_4098;4;0.985541;100;Unclassified;;;;;;
OTU_4099;8;0;100;Unclassified;;;;;;
OTU_4100;6;0;100;Unclassified;;;;;;
OTU_4101;32;0;100;Eukaryota;Bryozoa;Gymnolaemata;Ctenostomatida;;;
OTU_4102;19;0.986713;100;Unclassified;;;;;;
OTU_4103;13;0;100;Bacteria;Proteobacteria;Alphaproteobacteria;Rhizobiales;Xanthobacteraceae;;
OTU_4104;19;0.986761;100;Bacteria;Proteobacteria;Alphaproteobacteria;;;;
OTU_4105;13;0;100;Unclassified;;;;;;
OTU_4106;5;0.986503;100;Unclassified;;;;;;
OTU_4107;5;0;100;Eukaryota;Kinorhyncha;Cyclorhagida;;;;
OTU_4108;12;0;100;Unclassified;;;;;;
OTU_4109;2;0;100;Eukaryota;Annelida;Polychaeta;Scolecida;;;
OTU_4110;11;0.986383;100;Unclassified;;;;;;
OTU_4111;5;0.986744;100;Unclassified;;;;;;
OTU_4112;2;0;100;Bacteria;Planctomycetes;Planctomycetia;Pirellulales;Pirellulaceae;;
OTU_4113;3;0.984118;100;Eukaryota;Cnidaria;Scyphozoa;Coronatae;;;
OTU_4114;3;0;100;Unclassified;;;;;;
OTU_4115;10;0;100;Unclassified;;;;;;
OTU_4116;3;0;100;Unclassified;;;;;;
OTU_4117;5;0;100;Unclassified;;;;;;
OTU_4118;2;0;100;Eukaryota;Porifera;Demospongiae;;;;
OTU_4119;3;0;100;Eukaryota;Arthropoda;Maxillopoda;;;;
OTU_4120;6;0;100;Eukaryota;Brachiopoda;;;;;
OTU_4121;4;0;100;Eukaryota;Rhodophyta;Florideophyceae;Corallinophycidae;;;
OTU_4122;5;0;100;Unclassified;;;;;;
OTU_4123;4;0;100;Unclassified;;;;;;
OTU_4124;5;0;100;Unclassified;;;;;;
OTU_4125;3;0;100;Unclassified;;;;;;
OTU_4126;2;0;100;Eukaryota;Arthropoda;Maxillopoda;;;;
OTU_4127;2;0;100;Unclassified;;;;;;
OTU_4128;3;0;100;Unclassified;;;;;;
OTU_4129;2;0;100;Eukaryota;Arthropoda;Maxillopoda;;;;
OTU_4130;4;0;100;Bacteria;Dadabacteria;Dadabacteriia;Dadabacteriales;;;
OTU_4131;4;0;100;Unclassified;;;;;;
OTU_4132;2;0;100;Unclassified;;;;;;
OTU_4133;3;0;100;Unclassified;;;;;;
OTU_4134;3;0;100;Unclassified;;;;;;
OTU_4135;2;0;100;Eukaryota;Ciliophora;Oligohymenophorea;Sessilida;Vaginicolidae;Cothurnia;
OTU_4136;2;0.98666;100;Bacteria;Proteobacteria;Alphaproteobacteria;Rhodobacterales;Rhodobacteraceae;;
OTU_4137;3;0;100;Bacteria;Proteobacteria;Gammaproteobacteria;;;;
OTU_4138;2;0.986823;100;Unclassified;;;;;;
OTU_4139;5;0;100;Bacteria;Proteobacteria;Alphaproteobacteria;;;;
OTU_4140;2;0;100;Eukaryota;Bacillariophyta;;;;;
OTU_4141;2;0.98619;100;Bacteria;Proteobacteria;Gammaproteobacteria;HOC36;;;
OTU_4142;5;0.986709;100;Eukaryota;Dinoflagellata;Dinophyceae;Suessiales;Symbiodiniaceae;Symbiodinium;
OTU_4143;3;0;100;Eukaryota;Arthropoda;Maxillopoda;;;;
OTU_4144;5;0.975571;99.2537;Unclassified;;;;;;
OTU_4145;16;0.98782;99.2424;Bacteria;Proteobacteria;Alphaproteobacteria;;;;
OTU_4146;2;0.988434;99.2424;Eukaryota;Cnidaria;Hydrozoa;Leptothecata;;;
OTU_4147;79;0.989012;99.2366;Unclassified;;;;;;
OTU_4148;9;0.983406;99.2366;Eukaryota;Chordata;Ascidiacea;Stolidobranchia;;;
OTU_4149;10;0.988701;99.2188;Unclassified;;;;;;
OTU_4150;2;0.977486;99.2188;Unclassified;;;;;;
OTU_4151;16;0.988601;99.2126;Unclassified;;;;;;
OTU_4152;77;0.98904;99.2063;Eukaryota;Chordata;Ascidiacea;Stolidobranchia;;;
OTU_4153;2;0.987034;99.0654;Bacteria;;;;;;
OTU_4154;2;0.986885;99.0654;Unclassified;;;;;;
OTU_4155;4;0.986814;99.0654;Eukaryota;Bacillariophyta;Bacillariophyceae;;;;
OTU_4156;8;0.97255;99.0476;Bacteria;Proteobacteria;Alphaproteobacteria;Rhodobacterales;Rhodobacteraceae;;
OTU_4157;2;0.986299;99.0476;Unclassified;;;;;;
OTU_4158;5;0.97238;99.0476;Eukaryota;Chlorophyta;Trebouxiophyceae;;;;
OTU_4159;40;0.986591;99.0385;Unclassified;;;;;;
OTU_4160;5;0.986383;99.0385;Unclassified;;;;;;
OTU_4161;2;0.986642;99.0385;Bacteria;Proteobacteria;Gammaproteobacteria;Pseudomonadales;;;
OTU_4162;9048;0.986722;99.0291;Unclassified;;;;;;
OTU_4163;5;0.986849;99.0291;Unclassified;;;;;;
OTU_4164;4;0.98551;99.0291;Unclassified;;;;;;
OTU_4165;5;0.986892;99.0291;Unclassified;;;;;;
OTU_4166;3;0.98625;99.0291;Unclassified;;;;;;
OTU_4167;6;0.986874;99.0291;Unclassified;;;;;;
OTU_4168;14;0.98542;99.0099;Unclassified;;;;;;
OTU_4169;5;0.961768;99;Unclassified;;;;;;
OTU_4170;13;0.986484;99;Unclassified;;;;;;
OTU_4171;4;0.979082;99;Unclassified;;;;;;
OTU_4172;2;0.986257;99;Unclassified;;;;;;
OTU_4173;3;0.986836;98.9583;Unclassified;;;;;;
OTU_4174;3;0.986422;98.9474;Eukaryota;;;;;;
OTU_4175;4;0.985828;98.8095;Unclassified;;;;;;
OTU_4176;8;0.985494;98.5714;Bacteria;Proteobacteria;Alphaproteobacteria;Rhodobacterales;Rhodobacteraceae;;
OTU_4177;21;0.981336;98.4496;Bacteria;Acidobacteriota;Thermoanaerobaculia;Thermoanaerobaculales;Thermoanaerobaculaceae;;
OTU_4178;2;0.974444;98.4496;Unclassified;;;;;;
OTU_4179;4;0.988952;98.4127;Eukaryota;Ciliophora;Oligohymenophorea;Sessilida;Vaginicolidae;Cothurnia;
OTU_4180;120;0.986422;98.1132;Unclassified;;;;;;
OTU_4181;76;0.986768;98.0952;Unclassified;;;;;;
OTU_4182;4;0.971377;98.0952;Bacteria;Proteobacteria;Gammaproteobacteria;;;;
OTU_4183;7;0.981858;98.0952;Unclassified;;;;;;
OTU_4184;2;0.986983;98.0952;Bacteria;Acidobacteriota;Holophagae;Acanthopleuribacterales;Acanthopleuribacteraceae;Acanthopleuribacter;
OTU_4185;2;0.979217;98.0952;Eukaryota;Platyhelminthes;Rhabditophora;Macrostomida;;;
OTU_4186;2;0.9862;98.0952;Unclassified;;;;;;
OTU_4187;20;0.986588;98.0769;Bacteria;Proteobacteria;Alphaproteobacteria;Rhodobacterales;Rhodobacteraceae;;
OTU_4188;318;0.986197;98.0583;Bacteria;Proteobacteria;Alphaproteobacteria;Rhizobiales;Rhizobiaceae;;
OTU_4189;15;0.986803;98.0583;Unclassified;;;;;;
OTU_4190;3;0.981525;98.0583;Bacteria;Nitrospirae;Nitrospiria;Nitrospirales;Nitrospiraceae;Nitrospira;
OTU_4191;8;0.986541;98.0583;Eukaryota;Rhodophyta;Florideophycidae;;;;
OTU_4192;9;0.957482;98.0583;Unclassified;;;;;;
OTU_4193;12;0.986779;98.0583;Unclassified;;;;;;
OTU_4194;7;0.985393;98.0583;Eukaryota;Porifera;Demospongiae;Dictyoceratida;;;
OTU_4195;3;0.985494;98.0583;Unclassified;;;;;;
OTU_4196;26;0.986534;98.0392;Unclassified;;;;;;
OTU_4197;5;0.985136;98.0198;Unclassified;;;;;;
OTU_4198;12;0.986523;98;Unclassified;;;;;;
OTU_4199;7;0.986539;98;Unclassified;;;;;;
OTU_4200;8;0.972353;97.9592;Eukaryota;Ciliophora;Spirotrichea;Stichotrichida;Amphisiellidae;Amphisiella;
OTU_4201;3;0.98674;97.9381;Bacteria;Proteobacteria;Gammaproteobacteria;;;;
OTU_4202;14;0.986395;97.8947;Eukaryota;Nematoda;Chromadorea;Chromadorida;;;
OTU_4203;103;0.981374;97.7273;Bacteria;Proteobacteria;Gammaproteobacteria;;;;
OTU_4204;2;0.987003;97.7273;Bacteria;Proteobacteria;Gammaproteobacteria;;;;
OTU_4205;11;0.983083;97.6744;Unclassified;;;;;;
OTU_4206;2;0.985547;97.6744;Bacteria;Acidobacteriota;Thermoanaerobaculia;Thermoanaerobaculales;Thermoanaerobaculaceae;;
OTU_4207;3;0.988491;97.6378;Unclassified;;;;;;
OTU_4208;8;0.985982;97.619;Bacteria;Acidobacteriota;Subgroup 26;;;;
OTU_4209;4;0.971975;97.619;Unclassified;;;;;;
OTU_4210;4;0.970552;97.619;Unclassified;;;;;;
OTU_4211;2;0.962744;97.1963;Bacteria;Proteobacteria;Alphaproteobacteria;Azospirillales;Azospirillaceae;Azospirillum;
OTU_4212;2;0.939807;97.1698;Eukaryota;Cnidaria;Anthozoa;Actiniaria;;;
OTU_4213;4;0.981401;97.1429;Bacteria;Proteobacteria;Alphaproteobacteria;Rhodobacterales;Rhodobacteraceae;;
OTU_4214;4;0.985948;97.1429;Eukaryota;Ciliophora;Oligohymenophorea;;;;
OTU_4215;12;0.985624;97.1429;Unclassified;;;;;;
OTU_4216;24;0.985855;97.1429;Unclassified;;;;;;
OTU_4217;3;0.98477;97.1429;Bacteria;Proteobacteria;Alphaproteobacteria;Sphingomonadales;Sphingomonadaceae;;
OTU_4218;15;0.986223;97.1429;Eukaryota;Cnidaria;Hydrozoa;Anthoathecata;;;
OTU_4219;3;0.985415;97.1429;Unclassified;;;;;;
OTU_4220;2;0.958477;97.1429;Bacteria;Nitrospirae;Nitrospiria;Nitrospirales;Nitrospiraceae;Nitrospira;
OTU_4221;3;0.986678;97.1429;Unclassified;;;;;;
OTU_4222;1522;0.957662;97.0874;Bacteria;Proteobacteria;Alphaproteobacteria;;;;
OTU_4223;14;0.971539;97.0874;Unclassified;;;;;;
OTU_4224;17;0.986656;97.0874;Unclassified;;;;;;
OTU_4225;16;0.985643;97.0874;Unclassified;;;;;;
OTU_4226;4;0.957131;97.0874;Unclassified;;;;;;
OTU_4227;4;0.971765;97.0874;Unclassified;;;;;;
OTU_4228;9;0.985653;97.0874;Unclassified;;;;;;
OTU_4229;9;0.957496;97.0874;Eukaryota;Porifera;Demospongiae;Dictyoceratida;;;
OTU_4230;2;0.986685;97.0874;Eukaryota;Euglenozoa;Diplonemea;Diplonemida;Diplonemidae;Diplonema;
OTU_4231;5;0.967456;97.0874;Unclassified;;;;;;
OTU_4232;2;0.986466;97.0874;Unclassified;;;;;;
OTU_4233;2;0.985562;97.0874;Eukaryota;Rhodophyta;Florideophycidae;;;;
OTU_4234;390;0.986294;97.0297;Unclassified;;;;;;
OTU_4235;171;0.988758;97.0149;Eukaryota;Porifera;Demospongiae;Suberitida;;;
OTU_4236;143;0.987934;97;Unclassified;;;;;;
OTU_4237;7;0.972087;97;Eukaryota;Ciliophora;Spirotrichea;Urostylida;Pseudokeronopsidae;Apokeronopsis;
OTU_4238;643;0.976709;96.9925;Unclassified;;;;;;
OTU_4239;671882;0.988441;96.9697;Unclassified;;;;;;
OTU_4240;343631;0.988662;96.9697;Bacteria;Acidobacteriota;Thermoanaerobaculia;Thermoanaerobaculales;Thermoanaerobaculaceae;;
OTU_4241;3;0.988864;96.9697;Bacteria;NB1-j;;;;;
OTU_4242;19;0.982211;96.9466;Bacteria;Proteobacteria;Alphaproteobacteria;;;;
OTU_4243;6;0.976612;96.875;Eukaryota;Annelida;;;;;
OTU_4244;4;0.983662;96.8254;Eukaryota;Bacillariophyta;Bacillariophyceae;;;;
OTU_4245;42;0.983518;96.8;Bacteria;Proteobacteria;Alphaproteobacteria;Rhizobiales;Methyloligellaceae;;
OTU_4246;70;0.988934;96.6942;Eukaryota;Ciliophora;Phyllopharyngea;Dysteriida;Dysteriidae;Dysteria;
OTU_4247;10;0.971503;96.5116;Eukaryota;;;;;;
OTU_4248;19;0.985631;96.5116;Unclassified;;;;;;
OTU_4249;16;0.978988;96.5116;Unclassified;;;;;;
OTU_4250;2;0.979132;96.4286;Unclassified;;;;;;
OTU_4251;4;0.9703;96.4286;Unclassified;;;;;;
OTU_4252;64;0.986037;96.3855;Unclassified;;;;;;
OTU_4253;12;0.985596;96.3855;Eukaryota;Ciliophora;Oligohymenophorea;Sessilida;Vaginicolidae;Cothurnia;
OTU_4254;3;0.98596;96.3855;Eukaryota;Annelida;Polychaeta;Sabellida;;;
OTU_4255;161;0.98898;96.2406;Bacteria;Proteobacteria;;;;;
OTU_4256;5;0.98672;96.2264;Unclassified;;;;;;
OTU_4257;41;0.986667;96.1905;Unclassified;;;;;;
OTU_4258;23;0.985896;96.1905;Unclassified;;;;;;
OTU_4259;35;0.986613;96.1905;Unclassified;;;;;;
OTU_4260;36;0.986691;96.1905;Unclassified;;;;;;
OTU_4261;22;0.986032;96.1905;Unclassified;;;;;;
OTU_4262;16;0.986168;96.1905;Bacteria;Proteobacteria;Alphaproteobacteria;;;;
OTU_4263;22;0.986123;96.1905;Bacteria;Campylobacterota;Campylobacteria;Campylobacterales;Sulfurimonadaceae;Sulfurimonas;
OTU_4264;3;0.957516;96.1905;Eukaryota;Ciliophora;Spirotrichea;Stichotrichida;Amphisiellidae;Amphisiella;
OTU_4265;4;0.974249;96.1905;Unclassified;;;;;;
OTU_4266;2;0.986255;96.1905;Eukaryota;;;;;;
OTU_4267;7;0.985478;96.1905;Unclassified;;;;;;
OTU_4268;2;0.957305;96.1905;Unclassified;;;;;;
OTU_4269;6;0.985796;96.1905;Unclassified;;;;;;
OTU_4270;2;0.985816;96.1905;Bacteria;Proteobacteria;Gammaproteobacteria;Enterobacterales;;;
OTU_4271;11;0.971822;96.1538;Unclassified;;;;;;
OTU_4272;2;0.97837;96.1538;Unclassified;;;;;;
OTU_4273;14139;0.988162;96.124;Bacteria;Proteobacteria;Gammaproteobacteria;;;;
OTU_4274;2;0.98789;96.124;Unclassified;;;;;;
OTU_4275;3618;0.97125;96.1165;Unclassified;;;;;;
OTU_4276;405;0.985714;96.1165;Eukaryota;Magnoliophyta;;;;;
OTU_4277;8;0.926599;96.1165;Bacteria;Proteobacteria;Gammaproteobacteria;;;;
OTU_4278;14;0.963087;96.1165;Bacteria;Proteobacteria;Alphaproteobacteria;;;;
OTU_4279;12;0.956522;96.1165;Unclassified;;;;;;
OTU_4280;3;0.985851;96.1165;Unclassified;;;;;;
OTU_4281;2;0.986512;96.1165;Unclassified;;;;;;
OTU_4282;3;0.970609;96.1165;Bacteria;Acidobacteriota;Thermoanaerobaculia;Thermoanaerobaculales;Thermoanaerobaculaceae;Subgroup 10;
OTU_4283;8;0.949826;96.1165;Eukaryota;Ciliophora;Litostomatea;;;;
OTU_4284;3;0.986466;96.1165;Unclassified;;;;;;
OTU_4285;4;0.985221;96.1165;Bacteria;Entotheonellaeota;Entotheonellia;Entotheonellales;Entotheonellaceae;Candidatus Entotheonella;
OTU_4286;3;0.985433;96.1165;Eukaryota;Ciliophora;Oligohymenophorea;;;;
OTU_4287;2;0.986422;96.1165;Unclassified;;;;;;
OTU_4288;4;0.985908;96.1165;Unclassified;;;;;;
OTU_4289;2;0.986662;96.1165;Unclassified;;;;;;
OTU_4290;2;0.986649;96.1165;Unclassified;;;;;;
OTU_4291;2;0.971054;96.1165;Bacteria;Planctomycetes;Planctomycetia;Pirellulales;Pirellulaceae;Blastopirellula;
OTU_4292;48;0.980723;96.0784;Bacteria;Acidobacteriota;Subgroup 26;;;;
OTU_4293;3;0.96898;96.063;Bacteria;Proteobacteria;Gammaproteobacteria;;;;
OTU_4294;19;0.945595;96.0396;Eukaryota;Cnidaria;Scyphozoa;Stauromedusae;;;
OTU_4295;4;0.971792;96.0396;Bacteria;Acidobacteriota;Thermoanaerobaculia;Thermoanaerobaculales;Thermoanaerobaculaceae;Subgroup 10;
OTU_4296;2;0.97622;96.0317;Unclassified;;;;;;
OTU_4297;161;0.934993;96;Bacteria;Proteobacteria;Gammaproteobacteria;;;;
OTU_4298;9;0.967144;96;Unclassified;;;;;;
OTU_4299;9;0.986438;96;Unclassified;;;;;;
OTU_4300;4;0.986269;96;Bacteria;Acidobacteriota;Acidobacteriae;PAUC26f;;;
OTU_4301;2;0.986367;96;Unclassified;;;;;;
OTU_4302;2;0.937958;95.9184;Bacteria;Planctomycetes;Planctomycetia;Pirellulales;Pirellulaceae;Blastopirellula;
OTU_4303;20;0.985941;95.7895;Eukaryota;Rhodophyta;Florideophyceae;;;;
OTU_4304;2;0.971337;95.5056;Unclassified;;;;;;
OTU_4305;13172;0.976084;95.4545;Bacteria;Proteobacteria;Alphaproteobacteria;Caulobacterales;Hyphomonadaceae;uncultured;
OTU_4306;48;0.973772;95.4545;Eukaryota;Ciliophora;Spirotrichea;Euplotida;Aspidiscidae;Aspidisca;
OTU_4307;3;0.961866;95.4023;Unclassified;;;;;;
OTU_4308;3;0.979098;95.4023;Bacteria;Proteobacteria;Alphaproteobacteria;;;;
OTU_4309;22;0.985549;95.3488;Bacteria;Proteobacteria;Alphaproteobacteria;;;;
OTU_4310;5;0.974082;95.3488;Unclassified;;;;;;
OTU_4311;3;0.985552;95.3488;Eukaryota;Ciliophora;Spirotrichea;Sporadotrichida;Oxytrichidae; ;
OTU_4312;2;0.985382;95.3488;Bacteria;Proteobacteria;Gammaproteobacteria;Legionellales;Coxiellaceae;Coxiella;
OTU_4313;2;0.985892;95.3488;Unclassified;;;;;;
OTU_4314;19;0.9862;95.3271;Unclassified;;;;;;
OTU_4315;3;0.975372;95.3271;Eukaryota;Mollusca;Bivalvia;Ostreoida;;;
OTU_4316;12;0.97307;95.283;Unclassified;;;;;;
OTU_4317;11;0.988584;95.2756;Unclassified;;;;;;
OTU_4318;7;0.976679;95.2756;Unclassified;;;;;;
OTU_4319;2;0.988525;95.2756;Unclassified;;;;;;
OTU_4320;19;0.988758;95.2381;Bacteria;Planctomycetes;Planctomycetia;Pirellulales;Pirellulaceae;;
OTU_4321;24;0.977462;95.2381;Bacteria;Proteobacteria;Gammaproteobacteria;Pseudomonadales;;;
OTU_4322;33;0.971784;95.2381;Bacteria;Planctomycetes;OM190;;;;
OTU_4323;4;0.981138;95.2381;Bacteria;Acidobacteriota;Acidobacteriae;PAUC26f;;;
OTU_4324;8;0.985562;95.2381;Bacteria;Proteobacteria;Gammaproteobacteria;;;;
OTU_4325;5;0.98556;95.2381;Bacteria;Planctomycetes;Planctomycetia;Pirellulales;Pirellulaceae;Blastopirellula;
OTU_4326;4;0.985828;95.2381;Bacteria;Planctomycetes;Planctomycetia;;;;
OTU_4327;5;0.957556;95.2381;Bacteria;Nitrospirae;Nitrospinia;Nitrospinales;Nitrospinaceae;Nitrospina;
OTU_4328;4;0.978211;95.2381;Bacteria;Proteobacteria;Alphaproteobacteria;;;;
OTU_4329;2;0.96615;95.2381;Unclassified;;;;;;
OTU_4330;3;0.978908;95.2381;Unclassified;;;;;;
OTU_4331;2;0.985088;95.2381;Eukaryota;Ciliophora;Heterotrichea;;;;
OTU_4332;4;0.967286;95.2;Unclassified;;;;;;
OTU_4333;3;0.974953;95.2;Unclassified;;;;;;
OTU_4334;9;0.9764;95.1923;Unclassified;;;;;;
OTU_4335;27;0.986454;95.1923;Unclassified;;;;;;
OTU_4336;7;0.981015;95.1923;Bacteria;Proteobacteria;Gammaproteobacteria;Legionellales;Coxiellaceae;Coxiella;
OTU_4337;11;0.985818;95.1807;Unclassified;;;;;;
OTU_4338;26;0.986566;95.1456;Unclassified;;;;;;
OTU_4339;6;0.923418;95.1456;Unclassified;;;;;;
OTU_4340;3;0.968574;95.1456;Bacteria;Proteobacteria;Gammaproteobacteria;;;;
OTU_4341;2;0.986489;95.1456;Unclassified;;;;;;
OTU_4342;3;0.986252;95.1456;Eukaryota;Mollusca;Bivalvia;Mytiloida;;;
OTU_4343;7;0.98542;95.1456;Bacteria;Acidobacteriota;Thermoanaerobaculia;Thermoanaerobaculales;Thermoanaerobaculaceae;Subgroup 10;
OTU_4344;3;0.98531;95.1456;Bacteria;Acidobacteriota;Subgroup 21;;;;
OTU_4345;2;0.986285;95.1456;Eukaryota;Echinodermata;Ophiuroidea;;;;
OTU_4346;2;0.971419;95.1456;Unclassified;;;;;;
OTU_4347;5;0.986344;95.1456;Eukaryota;Ciliophora;Spirotrichea;Euplotida;Euplotidae;Euplotes;
OTU_4348;4;0.986482;95.1456;Unclassified;;;;;;
OTU_4349;2;0.984996;95.1456;Eukaryota;Ciliophora;Spirotrichea;Sporadotrichida;Oxytrichidae;Protogastrostyla;
OTU_4350;3;0.968631;95.1219;Bacteria;Proteobacteria;Gammaproteobacteria;Ga0077536;;;
OTU_4351;3;0.986561;95.098;Bacteria;Proteobacteria;Alphaproteobacteria;Caulobacterales;Parvularculaceae;;
OTU_4352;2;0.953587;95.098;Eukaryota;Ciliophora;Oligohymenophorea;;;;
OTU_4353;3;0.9849;95.098;Unclassified;;;;;;
OTU_4354;2;0.963479;95.098;Unclassified;;;;;;
OTU_4355;3;0.970705;94.898;Unclassified;;;;;;
OTU_4356;4;0.988638;94.697;Bacteria;Proteobacteria;Alphaproteobacteria;Hyphomicrobiales;Methylobacteriaceae;Methylobacterium;
OTU_4357;3;0.975302;94.6903;Eukaryota;Ciliophora;Spirotrichea;Tintinnida;Tintinnidae;Eutintinnus;
OTU_4358;145;0.971431;94.5736;Bacteria;Acidobacteriota;Thermoanaerobaculia;Thermoanaerobaculales;Thermoanaerobaculaceae;Subgroup 10;
OTU_4359;2;0.981801;94.4882;Unclassified;;;;;;
OTU_4360;6;0.977438;94.4444;Bacteria;Proteobacteria;Alphaproteobacteria;Rhodobacterales;Rhodobacteraceae;;
OTU_4361;11;0.932541;94.3925;Bacteria;Planctomycetes;Planctomycetia;Pirellulales;Pirellulaceae;Rhodopirellula;
OTU_4362;7;0.941685;94.3925;Bacteria;Proteobacteria;Alphaproteobacteria;;;;
OTU_4363;17;0.986049;94.3396;Bacteria;Proteobacteria;Gammaproteobacteria;;;;
OTU_4364;4;0.985837;94.3396;Bacteria;Acidobacteriota;Vicinamibacteria;Subgroup 17;;;
OTU_4365;2;0.979315;94.3396;Unclassified;;;;;;
OTU_4366;3;0.97198;94.3396;Bacteria;Proteobacteria;Gammaproteobacteria;;;;
OTU_4367;123;0.966344;94.2857;Bacteria;Planctomycetes;Planctomycetia;Pirellulales;Pirellulaceae;;
OTU_4368;9;0.986095;94.2857;Bacteria;Proteobacteria;Alphaproteobacteria;;;;
OTU_4369;11;0.955865;94.2857;Bacteria;Proteobacteria;Gammaproteobacteria;Pseudomonadales;;;
OTU_4370;3;0.973158;94.2857;Bacteria;Proteobacteria;Alphaproteobacteria;Rhizobiales;Xanthobacteraceae;;
OTU_4371;2;0.9717;94.2857;Unclassified;;;;;;
OTU_4372;4;0.965167;94.2857;Unclassified;;;;;;
OTU_4373;2;0.960888;94.2857;Bacteria;Proteobacteria;Alphaproteobacteria;;;;
OTU_4374;2;0.969576;94.2857;Unclassified;;;;;;
OTU_4375;2;0.974175;94.2857;Eukaryota;Bacillariophyta;Bacillariophyceae;;;;
OTU_4376;2;0.985786;94.2529;Bacteria;Proteobacteria;Gammaproteobacteria;Burkholderiales;Nitrosomonadaceae;;
OTU_4377;2;0.968892;94.2308;Bacteria;Proteobacteria;Alphaproteobacteria;;;;
OTU_4378;4;0.963772;94.2308;Bacteria;Proteobacteria;Alphaproteobacteria;;;;
OTU_4379;54;0.932272;94.1748;Bacteria;Acidobacteriota;Vicinamibacteria;Subgroup 9;;;
OTU_4380;9;0.97877;94.1748;Unclassified;;;;;;
OTU_4381;12;0.920976;94.1748;Unclassified;;;;;;
OTU_4382;18;0.974972;94.1748;Unclassified;;;;;;
OTU_4383;15;0.985957;94.1748;Unclassified;;;;;;
OTU_4384;9;0.970164;94.1748;Unclassified;;;;;;
OTU_4385;5;0.969481;94.1748;Bacteria;Acidobacteriota;Subgroup 21;;;;
OTU_4386;8;0.97791;94.1748;Bacteria;Actinobacteriota;Acidimicrobiia;Actinomarinales;uncultured;;
OTU_4387;8;0.985426;94.1748;Bacteria;Proteobacteria;Alphaproteobacteria;Rhodobacterales;Rhodobacteraceae;;
OTU_4388;3;0.98055;94.1748;Bacteria;Proteobacteria;Gammaproteobacteria;Pseudomonadales;;;
OTU_4389;4;0.98635;94.1748;Unclassified;;;;;;
OTU_4390;3;0.97517;94.1748;Unclassified;;;;;;
OTU_4391;7;0.985515;94.1748;Unclassified;;;;;;
OTU_4392;2;0.909759;94.1748;Bacteria;Proteobacteria;Alphaproteobacteria;;;;
OTU_4393;6;0.932444;94.1748;Eukaryota;Ciliophora;Spirotrichea;;;;
OTU_4394;2;0.986376;94.1748;Eukaryota;Ciliophora;Litostomatea;;;;
OTU_4395;3;0.986318;94.1748;Unclassified;;;;;;
OTU_4396;8;0.970797;94.1748;Bacteria;Proteobacteria;Alphaproteobacteria;;;;
OTU_4397;3;0.970806;94.1748;Bacteria;Proteobacteria;Gammaproteobacteria;;;;
OTU_4398;2;0.951261;94.1748;Unclassified;;;;;;
OTU_4399;2;0.974635;94.1748;Unclassified;;;;;;
OTU_4400;5;0.940388;94.1748;Bacteria;Proteobacteria;Gammaproteobacteria;Pseudomonadales;;;
OTU_4401;2;0.960702;94.1748;Eukaryota;Mollusca;Gastropoda;;;;
OTU_4402;2;0.931553;94.1748;Unclassified;;;;;;
OTU_4403;2;0.985305;94.1748;Unclassified;;;;;;
OTU_4404;2;0.986252;94.1748;Unclassified;;;;;;
OTU_4405;9;0.962197;94.1667;Bacteria;Proteobacteria;Gammaproteobacteria;Pseudomonadales;SAR86 clade;;
OTU_4406;2;0.950238;94.0594;Unclassified;;;;;;
OTU_4407;3;0.985818;94.0476;Unclassified;;;;;;
OTU_4408;4;0.970796;94;Unclassified;;;;;;
OTU_4409;2;0.986085;94;Unclassified;;;;;;
OTU_4410;3;0.974456;93.9759;Eukaryota;Ciliophora;Spirotrichea;Sporadotrichida;Oxytrichidae;Protogastrostyla;
OTU_4411;18;0.969279;93.9394;Unclassified;;;;;;
OTU_4412;364;0.975291;93.9394;Unclassified;;;;;;
OTU_4413;55;0.977233;93.9394;Unclassified;;;;;;
OTU_4414;61;0.936814;93.9394;Unclassified;;;;;;
OTU_4415;42;0.957705;93.9394;Eukaryota;Chlorophyta;Trebouxiophyceae;Chlorellales;Chlorellales Incertae Sedis;Picochlorum;
OTU_4416;9;0.962455;93.9394;Unclassified;;;;;;
OTU_4417;2;0.934386;93.913;Eukaryota;Chlorophyta;Chlorodendrophyceae;Chlorodendrales;Chlorodendraceae;Tetraselmis;
OTU_4418;49;0.949118;93.8776;Bacteria;Dependentiae;Babeliae;Babeliales;UBA12409;;
OTU_4419;50;0.980825;93.8462;Unclassified;;;;;;
OTU_4420;78;0.972554;93.7984;Bacteria;Proteobacteria;Alphaproteobacteria;Rhodobacterales;Rhodobacteraceae;;
OTU_4421;7;0.935972;93.7984;Bacteria;Acidobacteriota;Acidobacteriae;PAUC26f;;;
OTU_4422;2;0.956308;93.7008;Unclassified;;;;;;
OTU_4423;14;0.985775;93.617;Unclassified;;;;;;
OTU_4424;2;0.91779;93.5185;Bacteria;Proteobacteria;Gammaproteobacteria;Legionellales;Coxiellaceae;Coxiella;
OTU_4425;35;0.95327;93.4579;Bacteria;Proteobacteria;Alphaproteobacteria;uncultured;;;
OTU_4426;2;0.948407;93.3962;Unclassified;;;;;;
OTU_4427;10;0.957696;93.3962;Bacteria;Proteobacteria;Gammaproteobacteria;;;;
OTU_4428;21;0.969369;93.3333;Unclassified;;;;;;
OTU_4429;7;0.985793;93.3333;Unclassified;;;;;;
OTU_4430;6;0.985666;93.3333;Unclassified;;;;;;
OTU_4431;27;0.98609;93.3333;Unclassified;;;;;;
OTU_4432;7;0.91915;93.3333;Bacteria;Planctomycetes;Planctomycetia;Pirellulales;Pirellulaceae;Blastopirellula;
OTU_4433;4;0.949965;93.3333;Unclassified;;;;;;
OTU_4434;2;0.985833;93.3333;Bacteria;Proteobacteria;Alphaproteobacteria;Rhizobiales;Methyloligellaceae;;
OTU_4435;2;0.985908;93.3333;Bacteria;Planctomycetes;Planctomycetia;Pirellulales;Pirellulaceae;;
OTU_4436;3;0.98578;93.3333;Bacteria;Proteobacteria;Alphaproteobacteria;Rhodospirillales;;;
OTU_4437;3;0.985699;93.3333;Bacteria;;;;;;
OTU_4438;2;0.912512;93.3333;Unclassified;;;;;;
OTU_4439;30;0.936412;93.2836;Bacteria;Planctomycetes;;;;;
OTU_4440;9;0.959207;93.2692;Bacteria;Proteobacteria;Alphaproteobacteria;;;;
OTU_4441;2;0.974611;93.2692;Bacteria;NB1-j;;;;;
OTU_4442;3;0.964639;93.2692;Bacteria;Entotheonellaeota;Entotheonellia;Entotheonellales;Entotheonellaceae;Candidatus Entotheonella;
OTU_4443;20;0.9686;93.2203;Bacteria;Acidobacteriota;Thermoanaerobaculia;Thermoanaerobaculales;Thermoanaerobaculaceae;Subgroup 10;
OTU_4444;6;0.967669;93.2203;Unclassified;;;;;;
OTU_4445;934;0.941827;93.2039;Bacteria;Planctomycetes;Planctomycetia;Pirellulales;Pirellulaceae;;
OTU_4446;56;0.946927;93.2039;Bacteria;Acidobacteriota;Acidobacteriae;PAUC26f;;;
OTU_4447;22;0.974395;93.2039;Unclassified;;;;;;
OTU_4448;24;0.985521;93.2039;Bacteria;Proteobacteria;Deltaproteobacteria;Myxococcales;Nannocystaceae;;
OTU_4449;14;0.920731;93.2039;Unclassified;;;;;;
OTU_4450;13;0.923941;93.2039;Bacteria;NB1-j;;;;;
OTU_4451;5;0.949288;93.2039;Bacteria;Proteobacteria;Gammaproteobacteria;;;;
OTU_4452;2;0.939634;93.2039;Unclassified;;;;;;
OTU_4453;2;0.985911;93.2039;Bacteria;Proteobacteria;Alphaproteobacteria;;;;
OTU_4454;2;0.958281;93.2039;Bacteria;Acidobacteriota;Blastocatellia;Blastocatellales;Blastocatellaceae;;
OTU_4455;7;0.940462;93.2039;Unclassified;;;;;;
OTU_4456;3;0.978021;93.2039;Unclassified;;;;;;
OTU_4457;2;0.945127;93.2039;Bacteria;;;;;;
OTU_4458;2;0.948675;93.2039;Bacteria;Proteobacteria;Gammaproteobacteria;;;;
OTU_4459;14;0.960812;93.2039;Unclassified;;;;;;
OTU_4460;3;0.956136;93.2039;Unclassified;;;;;;
OTU_4461;3;0.88835;93.2039;Bacteria;Planctomycetes;Planctomycetia;Planctomycetales;;;
OTU_4462;2;0.966192;93.2039;Bacteria;Planctomycetes;OM190;;;;
OTU_4463;2;0.985356;93.2039;Bacteria;Planctomycetes;;;;;
OTU_4464;2;0.943021;93.1373;Bacteria;;;;;;
OTU_4465;463;0.965378;93.0769;Bacteria;Planctomycetes;Planctomycetia;Planctomycetales;Rubinisphaeraceae;;
OTU_4466;535;0.960123;93.0233;Bacteria;Proteobacteria;Oligoflexia;Bdellovibrionales;Bdellovibrionaceae;OM27 clade;
OTU_4467;5;0.961194;93.0233;Eukaryota;Bacillariophyta;Bacillariophyceae;;;;
OTU_4468;2;0.975826;93.0233;Bacteria;Acidobacteriota;Thermoanaerobaculia;Thermoanaerobaculales;Thermoanaerobaculaceae;Subgroup 10;
OTU_4469;2;0.985668;93.0233;Bacteria;Proteobacteria;Gammaproteobacteria;;;;
OTU_4470;7;0.930028;93;Unclassified;;;;;;
OTU_4471;2;0.971245;93;Bacteria;Planctomycetes;Planctomycetia;Pirellulales;Pirellulaceae;Rhodopirellula;
OTU_4472;2;0.95439;92.9688;Bacteria;Planctomycetes;Planctomycetia;Pirellulales;Pirellulaceae;Blastopirellula;
OTU_4473;3;0.976646;92.9134;Bacteria;Acidobacteriota;Thermoanaerobaculia;Thermoanaerobaculales;Thermoanaerobaculaceae;Subgroup 10;
OTU_4474;3;0.974574;92.9134;Eukaryota;Ciliophora;Litostomatea;;;;
OTU_4475;2;0.958988;92.8571;Eukaryota;Ciliophora;Spirotrichea;Euplotida;Uronychiidae;Uronychia;
OTU_4476;2;0.975272;92.8571;Bacteria;Verrucomicrobia;Verrucomicrobiae;Verrucomicrobiales;DEV007;;
OTU_4477;2;0.971389;92.8571;Eukaryota;Ciliophora;Oligohymenophorea;Sessilida;Zoothamniidae;Zoothamnium;
OTU_4478;2;0.964765;92.8571;Bacteria;Acidobacteriota;Holophagae;Acanthopleuribacterales;Acanthopleuribacteraceae;Acanthopleuribacter;
OTU_4479;2;0.965438;92.8571;Unclassified;;;;;;
OTU_4480;36;0.974676;92.5;Bacteria;Proteobacteria;Alphaproteobacteria;Rhodobacterales;Rhodobacteraceae;uncultured;
OTU_4481;445;0.953139;92.4812;Bacteria;Proteobacteria;Gammaproteobacteria;;;;
OTU_4482;18;0.952066;92.4812;Bacteria;Acidobacteriota;Thermoanaerobaculia;Thermoanaerobaculales;Thermoanaerobaculaceae;Subgroup 10;
OTU_4483;19;0.969427;92.4812;Unclassified;;;;;;
OTU_4484;3;0.973121;92.4528;Bacteria;SAR324 clade(Marine group B);;;;;
OTU_4485;3;0.971279;92.4528;Bacteria;Proteobacteria;Alphaproteobacteria;SAR11 clade;Clade III;;
OTU_4486;7;0.970477;92.4242;Bacteria;Proteobacteria;Alphaproteobacteria;Rhodobacterales;Rhodobacteraceae;;
OTU_4487;63;0.979655;92.381;Unclassified;;;;;;
OTU_4488;102;0.985719;92.381;Unclassified;;;;;;
OTU_4489;19;0.920917;92.381;Bacteria;Proteobacteria;Gammaproteobacteria;;;;
OTU_4490;19;0.978132;92.381;Bacteria;Proteobacteria;Alphaproteobacteria;;;;
OTU_4491;3;0.953466;92.381;Eukaryota;Ciliophora;Oligohymenophorea;;;;
OTU_4492;3;0.986039;92.381;Unclassified;;;;;;
OTU_4493;4;0.970839;92.381;Eukaryota;Euglenozoa;Kinetoplastea;Neobodonida;Neobodonidae;Neobodo;
OTU_4494;4;0.985606;92.381;Unclassified;;;;;;
OTU_4495;4;0.970293;92.381;Bacteria;Proteobacteria;Gammaproteobacteria;HOC36;;;
OTU_4496;4;0.985972;92.381;Unclassified;;;;;;
OTU_4497;2;0.985735;92.381;Unclassified;;;;;;
OTU_4498;2;0.95303;92.3729;Unclassified;;;;;;
OTU_4499;43;0.962733;92.3077;Unclassified;;;;;;
OTU_4500;5;0.978365;92.3077;Unclassified;;;;;;
OTU_4501;5;0.910708;92.3077;Unclassified;;;;;;
OTU_4502;10;0.969307;92.3077;Bacteria;Proteobacteria;Alphaproteobacteria;Puniceispirillales;SAR116 clade;;
OTU_4503;19;0.961159;92.2481;Unclassified;;;;;;
OTU_4504;32;0.970594;92.233;Bacteria;Acidobacteriota;Thermoanaerobaculia;Thermoanaerobaculales;Thermoanaerobaculaceae;Subgroup 10;
OTU_4505;17;0.964871;92.233;Bacteria;Proteobacteria;Alphaproteobacteria;;;;
OTU_4506;11;0.971518;92.233;Unclassified;;;;;;
OTU_4507;12;0.985182;92.233;Unclassified;;;;;;
OTU_4508;10;0.931094;92.233;Eukaryota;Ciliophora;Oligohymenophorea;Sessilida;Vaginicolidae;Vaginicola;
OTU_4509;11;0.985286;92.233;Bacteria;Proteobacteria;Alphaproteobacteria;Rhodobacterales;Rhodobacteraceae;;
OTU_4510;3;0.960371;92.233;Unclassified;;;;;;
OTU_4511;3;0.971735;92.233;Unclassified;;;;;;
OTU_4512;3;0.970747;92.233;Unclassified;;;;;;
OTU_4513;2;0.965811;92.233;Unclassified;;;;;;
OTU_4514;3;0.977598;92.233;Unclassified;;;;;;
OTU_4515;6;0.944984;92.233;Unclassified;;;;;;
OTU_4516;2;0.985645;92.233;Bacteria;Proteobacteria;Deltaproteobacteria;Desulfovibrionales;Desulfovibrionaceae;;
OTU_4517;2;0.977778;92.233;Unclassified;;;;;;
OTU_4518;5;0.968433;92.0635;Unclassified;;;;;;
OTU_4519;2;0.969868;92;Unclassified;;;;;;
OTU_4520;2;0.966363;91.9355;Unclassified;;;;;;
OTU_4521;12;0.969072;91.7293;Unclassified;;;;;;
OTU_4522;7;0.966062;91.7293;Eukaryota;Bacillariophyta;Mediophyceae;Chaetoceros;Diatomea;Chaetoceros;
OTU_4523;5;0.979002;91.6667;Eukaryota;;;;;;
OTU_4524;3;0.974436;91.6667;Eukaryota;Dinoflagellata;Dinophyceae;;;;
OTU_4525;9;0.97891;91.6667;Unclassified;;;;;;
OTU_4526;2;0.985497;91.6667;Eukaryota;Porifera;Demospongiae;Clionaida;;;
OTU_4527;2;0.975761;91.6031;Unclassified;;;;;;
OTU_4528;2;0.962885;91.5888;Eukaryota;Basidiomycota;Malasseziomycetes;Malasseziales;Malasseziaceae;Malassezia;
OTU_4529;5;0.980057;91.5094;Unclassified;;;;;;
OTU_4530;2;0.986068;91.5094;Unclassified;;;;;;
OTU_4531;2;0.98545;91.5094;Eukaryota;Dinoflagellata;Dinophyceae;Gymnodiniales;Polykrikaceae;Polykrikos;
OTU_4532;9;0.970235;91.4286;Unclassified;;;;;;
OTU_4533;27;0.959024;91.4286;Bacteria;Proteobacteria;Alphaproteobacteria;;;;
OTU_4534;2;0.985709;91.4286;Bacteria;Acidobacteriota;Subgroup 22;;;;
OTU_4535;2;0.985801;91.4286;Unclassified;;;;;;
OTU_4536;2;0.96435;91.4286;Unclassified;;;;;;
OTU_4537;2;0.956491;91.4062;Bacteria;Proteobacteria;Gammaproteobacteria;;;;
OTU_4538;8;0.984592;91.3462;Unclassified;;;;;;
OTU_4539;7;0.86214;91.3462;Bacteria;Proteobacteria;Gammaproteobacteria;;;;
OTU_4540;9;0.907533;91.2698;Bacteria;Proteobacteria;Deltaproteobacteria;Myxococcales;Myxococcaceae;P3OB-42;
OTU_4541;843;0.915979;91.2621;Unclassified;;;;;;
OTU_4542;265;0.954853;91.2621;Unclassified;;;;;;
OTU_4543;18;0.932539;91.2621;Unclassified;;;;;;
OTU_4544;11;0.963451;91.2621;Bacteria;Verrucomicrobia;Verrucomicrobiae;Pedosphaerales;Pedosphaeraceae;;
OTU_4545;6;0.984782;91.2621;Unclassified;;;;;;
OTU_4546;9;0.939763;91.2621;Eukaryota;Chrysophyta;Chrysophyceae;Chromulinales;Paraphysomonadaceae;Paraphysomonas;
OTU_4547;5;0.968522;91.2621;Unclassified;;;;;;
OTU_4548;5;0.976186;91.2621;Bacteria;Proteobacteria;Gammaproteobacteria;Pseudomonadales;;;
OTU_4549;2;0.957678;91.2621;Bacteria;Proteobacteria;Gammaproteobacteria;;;;
OTU_4550;3;0.962211;91.2621;Unclassified;;;;;;
OTU_4551;2;0.896601;91.2621;Unclassified;;;;;;
OTU_4552;2;0.952161;91.2621;Bacteria;Planctomycetes;Planctomycetia;Pirellulales;Pirellulaceae;;
OTU_4553;3;0.968642;91.2621;Bacteria;Proteobacteria;Gammaproteobacteria;Pseudomonadales;Pseudohongiellaceae;Pseudohongiella;
OTU_4554;3;0.961745;91.2621;Bacteria;Proteobacteria;Alphaproteobacteria;Rhodobacterales;Rhodobacteraceae;;
OTU_4555;2;0.891704;91.2621;Unclassified;;;;;;
OTU_4556;2;0.961252;91.2621;Bacteria;Planctomycetes;Planctomycetia;Pirellulales;Pirellulaceae;;
OTU_4557;3;0.981044;91.0448;Unclassified;;;;;;
OTU_4558;6;0.971365;90.9774;Unclassified;;;;;;
OTU_4559;11;0.93158;90.9091;Unclassified;;;;;;
OTU_4560;3;0.959691;90.9091;Bacteria;Proteobacteria;Gammaproteobacteria;;;;
OTU_4561;5;0.987622;90.8333;Bacteria;Proteobacteria;Gammaproteobacteria;Enterobacterales;Pseudoalteromonadaceae;Pseudoalteromonas;
OTU_4562;9;0.975034;90.8333;Bacteria;Proteobacteria;Oligoflexia;Bdellovibrionales;Bdellovibrionaceae;OM27 clade;
OTU_4563;2;0.951418;90.8333;Bacteria;Proteobacteria;Deltaproteobacteria;Myxococcales;Sandaracinaceae;;
OTU_4564;4;0.959001;90.8333;Unclassified;;;;;;
OTU_4565;237;0.964395;90.7692;Bacteria;Acidobacteriota;Thermoanaerobaculia;Thermoanaerobaculales;Thermoanaerobaculaceae;Subgroup 10;
OTU_4566;51;0.959972;90.7692;Unclassified;;;;;;
OTU_4567;4;0.970446;90.678;Unclassified;;;;;;
OTU_4568;10;0.899435;90.6542;Unclassified;;;;;;
OTU_4569;18;0.979868;90.6542;Unclassified;;;;;;
OTU_4570;2;0.978874;90.6542;Unclassified;;;;;;
OTU_4571;11;0.963534;90.566;Unclassified;;;;;;
OTU_4572;7;0.949865;90.5512;Bacteria;Proteobacteria;Gammaproteobacteria;Pseudomonadales;;;
OTU_4573;5;0.965044;90.4762;Bacteria;Proteobacteria;Alphaproteobacteria;;;;
OTU_4574;5;0.929559;90.4762;Unclassified;;;;;;
OTU_4575;7;0.985568;90.4762;Unclassified;;;;;;
OTU_4576;7;0.985813;90.4762;Bacteria;;;;;;
OTU_4577;3;0.956456;90.4762;Eukaryota;Cnidaria;Hydrozoa;Anthoathecata;;;
OTU_4578;2;0.985275;90.4762;Bacteria;Proteobacteria;Gammaproteobacteria;Legionellales;Coxiellaceae;Aquicella;
OTU_4579;2;0.985707;90.4762;Bacteria;Planctomycetes;;;;;
OTU_4580;2;0.98515;90.4762;Unclassified;;;;;;
OTU_4581;5;0.977192;90.4762;Unclassified;;;;;;
OTU_4582;18;0.963521;90.3846;Bacteria;Planctomycetes;Pla4 lineage;;;;
OTU_4583;8;0.969948;90.3846;Unclassified;;;;;;
OTU_4584;4;0.975344;90.3846;Unclassified;;;;;;
OTU_4585;7;0.895403;90.3846;Eukaryota;Bacillariophyta;Bacillariophyceae;;;;
OTU_4586;2;0.969828;90.3846;Eukaryota;;;;;;
OTU_4587;2;0.97107;90.3846;Unclassified;;;;;;
OTU_4588;891;0.865917;90.2913;Bacteria;NB1-j;;;;;
OTU_4589;22;0.949973;90.2913;Unclassified;;;;;;
OTU_4590;2;0.956664;90.2913;Unclassified;;;;;;
OTU_4591;12;0.959841;90.2913;Bacteria;NB1-j;;;;;
OTU_4592;959;0.965954;90.2256;Unclassified;;;;;;
OTU_4593;6;0.985557;90.1961;Unclassified;;;;;;
OTU_4594;2;0.914214;90.1961;Unclassified;;;;;;
OTU_4595;3;0.980539;90.0826;Unclassified;;;;;;
OTU_4596;31;0.973656;90.0763;Bacteria;Entotheonellaeota;Entotheonellia;Entotheonellales;Entotheonellaceae;Candidatus Entotheonella;
OTU_4597;13;0.969415;90;Unclassified;;;;;;
OTU_4598;5;0.977539;90;Bacteria;Proteobacteria;Gammaproteobacteria;;;;
OTU_4599;2;0.93236;90;Bacteria;Acidobacteriota;Thermoanaerobaculia;Thermoanaerobaculales;Thermoanaerobaculaceae;Subgroup 10;
OTU_4600;2;0.975527;90;Eukaryota;Ciliophora;Spirotrichea;;;;
OTU_4601;4;0.955887;90;Bacteria;Acidobacteriota;Acidobacteriae;PAUC26f;;;
OTU_4602;156;0.980067;89.9225;Unclassified;;;;;;
OTU_4603;322;0.967176;89.9225;Bacteria;Nitrospirae;Nitrospiria;Nitrospirales;Nitrospiraceae;Nitrospira;
OTU_4604;69;0.971126;89.9225;Unclassified;;;;;;
OTU_4605;2;0.910622;89.9083;Bacteria;Planctomycetes;Planctomycetia;Pirellulales;Pirellulaceae;;
OTU_4606;14;0.954077;89.7196;Unclassified;;;;;;
OTU_4607;2;0.985182;89.7196;Bacteria;;;;;;
OTU_4608;2;0.925615;89.7196;Bacteria;Proteobacteria;;;;;
OTU_4609;2;0.960053;89.6552;Unclassified;;;;;;
OTU_4610;3;0.943661;89.6226;Unclassified;;;;;;
OTU_4611;51;0.950925;89.5238;Bacteria;Gemmatimonadota;BD2-11 terrestrial group;;;;
OTU_4612;44;0.932835;89.5238;Bacteria;Planctomycetes;Planctomycetia;Pirellulales;Pirellulaceae;;
OTU_4613;4;0.9448;89.5238;Bacteria;Proteobacteria;Alphaproteobacteria;;;;
OTU_4614;3;0.896615;89.5238;Unclassified;;;;;;
OTU_4615;2;0.985712;89.5238;Unclassified;;;;;;
OTU_4616;8;0.963097;89.5238;Unclassified;;;;;;
OTU_4617;2;0.977765;89.5238;Bacteria;Planctomycetes;OM190;;;;
OTU_4618;2;0.972603;89.5238;Bacteria;Planctomycetes;OM190;;;;
OTU_4619;37;0.982949;89.4737;Bacteria;Planctomycetes;Planctomycetia;Pirellulales;Pirellulaceae;;
OTU_4620;3;0.936403;89.4231;Unclassified;;;;;;
OTU_4621;2;0.953325;89.4231;Unclassified;;;;;;
OTU_4622;31;0.895414;89.3204;Bacteria;Planctomycetes;;;;;
OTU_4623;6;0.923558;89.3204;Unclassified;;;;;;
OTU_4624;2;0.913784;89.3204;Unclassified;;;;;;
OTU_4625;6;0.954958;89.3204;Unclassified;;;;;;
OTU_4626;7;0.984946;89.3204;Bacteria;NB1-j;;;;;
OTU_4627;3;0.919557;89.3204;Bacteria;Acidobacteriota;Holophagae;Acanthopleuribacterales;Acanthopleuribacteraceae;Acanthopleuribacter;
OTU_4628;3;0.984877;89.3204;Unclassified;;;;;;
OTU_4629;4;0.969016;89.3204;Bacteria;Proteobacteria;Deltaproteobacteria;Myxococcales;Kofleriaceae;Haliangium;
OTU_4630;2;0.971919;89.3204;Bacteria;Planctomycetes;Planctomycetia;Planctomycetales;;;
OTU_4631;2;0.985024;89.3204;Unclassified;;;;;;
OTU_4632;2;0.975193;89.3204;Unclassified;;;;;;
OTU_4633;28;0.985277;89.2857;Bacteria;Proteobacteria;Gammaproteobacteria;;;;
OTU_4634;2;0.969584;89.2857;Unclassified;;;;;;
OTU_4635;2;0.97881;89.2857;Unclassified;;;;;;
OTU_4636;2;0.950282;89.2562;Bacteria;Proteobacteria;Gammaproteobacteria;Diplorickettsiales;Diplorickettsiaceae;Aquicella;
OTU_4637;191;0.971985;89.2308;Unclassified;;;;;;
OTU_4638;125;0.962325;89.2308;Unclassified;;;;;;
OTU_4639;55;0.961539;89.1473;Bacteria;Planctomycetes;Planctomycetia;Pirellulales;Pirellulaceae;;
OTU_4640;10;0.920733;89.0511;Bacteria;Proteobacteria;Gammaproteobacteria;Pseudomonadales;;;
OTU_4641;12;0.956205;88.8889;Unclassified;;;;;;
OTU_4642;26;0.87208;88.785;Bacteria;Proteobacteria;Alphaproteobacteria;;;;
OTU_4643;2;0.929745;88.6956;Unclassified;;;;;;
OTU_4644;2;0.980082;88.6792;Bacteria;Planctomycetes;Planctomycetia;Pirellulales;Pirellulaceae;Rhodopirellula;
OTU_4645;4;0.927733;88.6364;Bacteria;Proteobacteria;Alphaproteobacteria;;;;
OTU_4646;237;0.973987;88.5714;Bacteria;NB1-j;;;;;
OTU_4647;209;0.951655;88.5714;Bacteria;Proteobacteria;Alphaproteobacteria;;;;
OTU_4648;7;0.970292;88.5714;Unclassified;;;;;;
OTU_4649;3;0.955119;88.5714;Bacteria;Proteobacteria;Deltaproteobacteria;Myxococcales;Sandaracinaceae;uncultured;
OTU_4650;4;0.947533;88.5714;Unclassified;;;;;;
OTU_4651;4;0.978719;88.5714;Bacteria;Proteobacteria;Deltaproteobacteria;Myxococcales;Polyangiaceae;;
OTU_4652;2;0.985058;88.5714;Bacteria;Verrucomicrobia;Verrucomicrobiae;Verrucomicrobiales;Rubritaleaceae;;
OTU_4653;4;0.898877;88.5714;Unclassified;;;;;;
OTU_4654;3;0.985668;88.5714;Bacteria;Planctomycetes;Planctomycetia;Pirellulales;Pirellulaceae;;
OTU_4655;2;0.96991;88.5714;Unclassified;;;;;;
OTU_4656;31;0.96543;88.4615;Bacteria;Verrucomicrobiota;Lentisphaeria;Victivallales;Arctic95B-14;;
OTU_4657;19;0.915257;88.4615;Unclassified;;;;;;
OTU_4658;2;0.977542;88.4615;Bacteria;Proteobacteria;Alphaproteobacteria;;;;
OTU_4659;5;0.970853;88.4615;Unclassified;;;;;;
OTU_4660;328;0.9303;88.3495;Eukaryota;Porifera;Demospongiae;;;;
OTU_4661;11;0.961992;88.3495;Bacteria;Proteobacteria;Alphaproteobacteria;Rhizobiales;Rhizobiaceae;;
OTU_4662;3;0.967836;88.3495;Bacteria;Nitrospirae;Nitrospinia;Nitrospinales;Nitrospinaceae;LS-NOB;
OTU_4663;2;0.979447;88.3495;Bacteria;Proteobacteria;Alphaproteobacteria;;;;
OTU_4664;2;0.98455;88.3495;Unclassified;;;;;;
OTU_4665;4;0.97483;88.3495;Bacteria;Acidobacteriota;Vicinamibacteria;Vicinamibacterales;;;
OTU_4666;4;0.969604;88.3495;Unclassified;;;;;;
OTU_4667;2;0.9539;88.3495;Bacteria;Planctomycetes;Planctomycetia;Planctomycetales;;;
OTU_4668;63;0.966242;88.3333;Unclassified;;;;;;
OTU_4669;20;0.926904;88.3333;Unclassified;;;;;;
OTU_4670;2;0.976561;88.0952;Bacteria;Proteobacteria;Alphaproteobacteria;;;;
OTU_4671;2;0.976048;88.0952;Unclassified;;;;;;
OTU_4672;4;0.916546;88.0952;Bacteria;Acidobacteriota;Vicinamibacteria;Subgroup 17;;;
OTU_4673;11;0.845349;88.0734;Bacteria;Acidobacteriota;Acidobacteriae;PAUC26f;;;
OTU_4674;7;0.921027;88.0597;Eukaryota;Ciliophora;Spirotrichea;Stichotrichida;Apogastrostyla;Apogastrostyla;
OTU_4675;394;0.960825;87.8788;Bacteria;Proteobacteria;Alphaproteobacteria;;;;
OTU_4676;15;0.956662;87.8788;Unclassified;;;;;;
OTU_4677;31;0.975301;87.7863;Bacteria;Planctomycetes;Planctomycetia;Pirellulales;Pirellulaceae;;
OTU_4678;5;0.953534;87.7358;Bacteria;Planctomycetes;;;;;
OTU_4679;2;0.894939;87.7193;Bacteria;Proteobacteria;Deltaproteobacteria;Myxococcales;Polyangiaceae;;
OTU_4680;9;0.96711;87.7049;Unclassified;;;;;;
OTU_4681;30;0.964155;87.6923;Eukaryota;Euglenozoa;Kinetoplastea;Neobodonida;Neobodonidae;Neobodo;
OTU_4682;3;0.955739;87.6923;Bacteria;Proteobacteria;Gammaproteobacteria;;;;
OTU_4683;14;0.962354;87.619;Eukaryota;Ciliophora;Litostomatea;;;;
OTU_4684;6;0.939303;87.619;Bacteria;Proteobacteria;Alphaproteobacteria;;;;
OTU_4685;2;0.977152;87.619;Bacteria;Planctomycetes;Planctomycetia;Pirellulales;Pirellulaceae;Blastopirellula;
OTU_4686;4;0.946239;87.5;Eukaryota;Ciliophora;Spirotrichea;;;;
OTU_4687;2;0.969045;87.5;Bacteria;Proteobacteria;Alphaproteobacteria;Rhodobacterales;Rhodobacteraceae;;
OTU_4688;2;0.970545;87.5;Unclassified;;;;;;
OTU_4689;2;0.938166;87.3786;Unclassified;Verrucomicrobiota;Verrucomicrobiae;Opitutales;Puniceicoccaceae;Cerasicoccus;
OTU_4690;2;0.923782;87.3786;Unclassified;;;;;;
OTU_4691;39;0.873215;87.3134;Unclassified;;;;;;
OTU_4692;29;0.988152;87.3134;Unclassified;;;;;;
OTU_4693;2;0.967748;87.2549;Bacteria;Proteobacteria;Alphaproteobacteria;;;;
OTU_4694;191;0.969657;87.218;Unclassified;;;;;;
OTU_4695;1737;0.970152;87.1212;Unclassified;;;;;;
OTU_4696;3;0.942153;87.1212;Unclassified;;;;;;
OTU_4697;2;0.93941;87.1212;Unclassified;;;;;;
OTU_4698;17;0.965006;87.0229;Unclassified;;;;;;
OTU_4699;5;0.955065;87.0229;Eukaryota;Bacillariophyta;Bacillariophyceae;;;;
OTU_4700;3;0.862449;86.9919;Unclassified;;;;;;
OTU_4701;6;0.971563;86.9231;Bacteria;Acidobacteriota;Subgroup 26;;;;
OTU_4702;2;0.97922;86.9159;Unclassified;;;;;;
OTU_4703;5;0.961476;86.9159;Bacteria;Planctomycetes;OM190;;;;
OTU_4704;4;0.961671;86.9159;Bacteria;Proteobacteria;Gammaproteobacteria;Enterobacterales;Morganellaceae;Candidatus Hamiltonella;
OTU_4705;4;0.971299;86.9159;Unclassified;;;;;;
OTU_4706;2;0.977833;86.9048;Unclassified;;;;;;
OTU_4707;4;0.763709;86.8421;Unclassified;;;;;;
OTU_4708;4;0.939058;86.7924;Bacteria;Proteobacteria;Alphaproteobacteria;Defluviicoccales;uncultured;;
OTU_4709;68;0.877325;86.6667;Unclassified;;;;;;
OTU_4710;7;0.942161;86.6667;Eukaryota;Bacillariophyta;Bacillariophyceae;;;;
OTU_4711;2;0.943721;86.6667;Unclassified;;;;;;
OTU_4712;6;0.819582;86.6071;Unclassified;;;;;;
OTU_4713;7;0.978803;86.6071;Eukaryota;Porifera;Demospongiae;;;;
OTU_4714;2;0.841174;86.5672;Eukaryota;Ciliophora;Spirotrichea;;;;
OTU_4715;4;0.975054;86.5385;Bacteria;;;;;;
OTU_4716;2;0.952595;86.4662;Unclassified;;;;;;
OTU_4717;7;0.961408;86.4583;Unclassified;;;;;;
OTU_4718;5;0.930395;86.4407;Bacteria;Proteobacteria;Gammaproteobacteria;Pseudomonadales;;;
OTU_4719;36;0.792907;86.4078;Eukaryota;;;;;;
OTU_4720;11;0.975335;86.4078;Unclassified;;;;;;
OTU_4721;3;0.953751;86.4078;Eukaryota;Dinoflagellata;Dinophyceae;;;;
OTU_4722;2;0.930217;86.4078;Unclassified;;;;;;
OTU_4723;2;0.969485;86.4078;Unclassified;;;;;;
OTU_4724;2;0.888839;86.4;Eukaryota;Bacillariophyta;Coscinodiscophyceae;Thalassiosirales;Thalassiosiraceae;;
OTU_4725;3;0.949099;86.3636;Unclassified;;;;;;
OTU_4726;2;0.931701;86.3248;Eukaryota;;;;;;
OTU_4727;374;0.973704;86.2595;Unclassified;;;;;;
OTU_4728;2;0.981107;86.1538;Bacteria;Proteobacteria;Alphaproteobacteria;;;;
OTU_4729;2;0.943656;86.0656;Bacteria;Proteobacteria;Gammaproteobacteria;;;;
OTU_4730;4;0.980958;86.0465;Unclassified;;;;;;
OTU_4731;2;0.942701;86.0465;Unclassified;;;;;;
OTU_4732;2;0.97391;86.0465;Eukaryota;Chordata;Ascidiacea;;;;
OTU_4733;3;0.985144;85.9813;Bacteria;Proteobacteria;Alphaproteobacteria;;;;
OTU_4734;9;0.924702;85.9504;Unclassified;;;;;;
OTU_4735;41;0.966889;85.9259;Bacteria;Proteobacteria;Alphaproteobacteria;;;;
OTU_4736;2;0.958585;85.8974;Eukaryota;Ciliophora;Oligohymenophorea;Sessilida;Vaginicolidae;Cothurnia;
OTU_4737;2;0.96382;85.8333;Eukaryota;Chordata;Ascidiacea;Stolidobranchia;;;
OTU_4738;28;0.980259;85.8156;Unclassified;;;;;;
OTU_4739;120;0.843536;85.7143;Bacteria;Planctomycetes;Planctomycetia;Pirellulales;Pirellulaceae;;
OTU_4740;14;0.963817;85.7143;Unclassified;;;;;;
OTU_4741;9;0.881252;85.7143;Eukaryota;Ciliophora;Litostomatea;;;;
OTU_4742;3;0.960195;85.7143;Eukaryota;Bacillariophyta;Coscinodiscophyceae;Melosirales;Hyalodiscaceae;Hyalodiscus;
OTU_4743;4;0.881642;85.7143;Bacteria;Proteobacteria;Alphaproteobacteria;Caulobacterales;Hyphomonadaceae;;
OTU_4744;2;0.933394;85.7143;Unclassified;;;;;;
OTU_4745;2;0.935343;85.5769;Bacteria;Proteobacteria;Gammaproteobacteria;Enterobacterales;Shewanellaceae;Shewanella;
OTU_4746;3;0.916696;85.5769;Unclassified;;;;;;
OTU_4747;10;0.981196;85.4962;Unclassified;;;;;;
OTU_4748;3;0.839912;85.4962;Unclassified;;;;;;
OTU_4749;373;0.836221;85.4369;Unclassified;;;;;;
OTU_4750;2;0.95063;85.3933;Unclassified;;;;;;
OTU_4751;4;0.95074;85.1562;Unclassified;;;;;;
OTU_4752;2;0.929182;85.1562;Unclassified;;;;;;
OTU_4753;42;0.920471;85.0877;Bacteria;Proteobacteria;Gammaproteobacteria;Chromatiales;;;
OTU_4754;43;0.940606;85.0746;Bacteria;Proteobacteria;Alphaproteobacteria;Rhodobacterales;Rhodobacteraceae;;
OTU_4755;8;0.935528;85.0467;Unclassified;;;;;;
OTU_4756;2;0.953601;85.0467;Unclassified;;;;;;
OTU_4757;4;0.970213;85;Unclassified;;;;;;
OTU_4758;34;0.943744;84.9624;Unclassified;;;;;;
OTU_4759;3;0.947192;84.9557;Eukaryota;;;;;;
OTU_4760;3;0.923277;84.9206;Bacteria;Planctomycetes;OM190;;;;
OTU_4761;3;0.970929;84.9057;Bacteria;Proteobacteria;Alphaproteobacteria;;;;
OTU_4762;3;0.964339;84.9057;Unclassified;;;;;;
OTU_4763;7;0.94252;84.8485;Bacteria;Acidobacteriota;Subgroup 21;;;;
OTU_4764;9;0.950913;84.7619;Eukaryota;Ciliophora;Spirotrichea;;;;
OTU_4765;3;0.923982;84.7619;Unclassified;;;;;;
OTU_4766;2;0.964724;84.7619;Unclassified;;;;;;
OTU_4767;1823;0.947688;84.7328;Unclassified;;;;;;
OTU_4768;2;0.985299;84.6154;Unclassified;;;;;;
OTU_4769;2;0.882573;84.5455;Eukaryota;Ciliophora;Spirotrichea;Euplotida;Gastrocirrhidae;Euplotidium;
OTU_4770;10;0.951793;84.4444;Bacteria;Proteobacteria;Epsilonproteobacteria;Campylobacterales;Thiovulaceae;Sulfurimonas;
OTU_4771;19002;0.948448;84.3284;Bacteria;Proteobacteria;Alphaproteobacteria;;;;
OTU_4772;2276;0.957005;84.3284;Bacteria;Campylobacterota;Campylobacteria;Campylobacterales;Thiovulaceae;Sulfurimonas;
OTU_4773;378;0.950529;84.3284;Unclassified;;;;;;
OTU_4774;2;0.955946;84.3137;Unclassified;;;;;;
OTU_4775;36;0.903817;84.1667;Unclassified;;;;;;
OTU_4776;3;0.951189;84.1122;Unclassified;;;;;;
OTU_4777;5;0.928505;84.0909;Bacteria;Proteobacteria;Alphaproteobacteria;;;;
OTU_4778;98;0.964799;83.9695;Bacteria;Proteobacteria;Alphaproteobacteria;;;;
OTU_4779;5;0.974013;83.9695;Unclassified;;;;;;
OTU_4780;8;0.937583;83.8983;Bacteria;Proteobacteria;Gammaproteobacteria;;;;
OTU_4781;9572;0.755666;83.8095;Unclassified;;;;;;
OTU_4782;3;0.969001;83.8095;Bacteria;Acidobacteriota;Thermoanaerobaculia;Thermoanaerobaculales;Thermoanaerobaculaceae;Subgroup 10;
OTU_4783;6;0.857946;83.8095;Unclassified;;;;;;
OTU_4784;2;0.947859;83.6538;Eukaryota;Porifera;Calcarea;Clathrinida;;;
OTU_4785;2;0.927399;83.6207;Bacteria;Proteobacteria;Alphaproteobacteria;Puniceispirillales;SAR116 clade;;
OTU_4786;2;0.962096;83.6066;Bacteria;Proteobacteria;Alphaproteobacteria;Rhodospirillales;AEGEAN-169 marine group;;
OTU_4787;3;0.940788;83.5821;Bacteria;Proteobacteria;;;;;
OTU_4788;2;0.886413;83.5821;Eukaryota;Dinoflagellata;Dinophyceae;;;;
OTU_4789;9;0.906227;83.4951;Eukaryota;Chordata;Appendicularia;Copelata;Oikopleuridae;;
OTU_4790;2;0.943723;83.4951;Eukaryota;Dinoflagellata;Dinophyceae;;;;
OTU_4791;3;0.974546;83.4951;Bacteria;Lentisphaerae;Lentisphaeria;Victivallales;Arctic95B-14;;
OTU_4792;6;0.920609;83.4951;Unclassified;;;;;;
OTU_4793;2;0.925519;83.4951;Unclassified;;;;;;
OTU_4794;4;0.868108;83.4646;Bacteria;Proteobacteria;Gammaproteobacteria;;;;
OTU_4795;25;0.938971;83.4586;Eukaryota;Dinoflagellata;Dinophyceae;Peridiniales;Protoperidiniaceae;Protoperidinium;
OTU_4796;2;0.967239;83.3333;Bacteria;Proteobacteria;Alphaproteobacteria;;;;
OTU_4797;2;0.942683;83.3333;Unclassified;;;;;;
OTU_4798;2;0.954669;83.3333;Unclassified;;;;;;
OTU_4799;45;0.936826;83.2061;Unclassified;;;;;;
OTU_4800;3;0.939435;83.1776;Unclassified;;;;;;
OTU_4801;2;0.945431;83.1776;Bacteria;Verrucomicrobia;Verrucomicrobiae;Verrucomicrobiales;DEV007;;
OTU_4802;3;0.912421;83.1683;Eukaryota;Mollusca;Bivalvia;Veneroida;;;
OTU_4803;9;0.946545;83.0769;Bacteria;Planctomycetes;Planctomycetia;Pirellulales;Pirellulaceae;Rhodopirellula;
OTU_4804;2;0.954111;83.0769;Unclassified;;;;;;
OTU_4805;2;0.86558;83.0189;Bacteria;Planctomycetes;OM190;;;;
OTU_4806;2;0.871464;83.0189;Bacteria;Proteobacteria;Gammaproteobacteria;Diplorickettsiales;Diplorickettsiaceae;Aquicella;
OTU_4807;28;0.910371;82.8571;Unclassified;;;;;;
OTU_4808;69;0.740364;82.8571;Eukaryota;Bacillariophyta;Bacillariophyceae;;;;
OTU_4809;3;0.922573;82.8571;Unclassified;;;;;;
OTU_4810;2;0.95863;82.8571;Unclassified;;;;;;
OTU_4811;2;0.946205;82.7068;Unclassified;;;;;;
OTU_4812;3;0.954362;82.6923;Unclassified;;;;;;
OTU_4813;2;0.927224;82.5758;Bacteria;Proteobacteria;Gammaproteobacteria;Ga0077536;;;
OTU_4814;73;0.722543;82.5688;Bacteria;;;;;;
OTU_4815;530;0.963176;82.4818;Unclassified;;;;;;
OTU_4816;2;0.919708;82.4;Eukaryota;Myzozoa;Dinophyceae;Syndiniales;;;
OTU_4817;7;0.916729;82.243;Unclassified;;;;;;
OTU_4818;2;0.958543;82.243;Bacteria;Planctomycetes;Planctomycetia;Pirellulales;Pirellulaceae;uncultured;
OTU_4819;11;0.913444;82.1429;Bacteria;Proteobacteria;Gammaproteobacteria;Nitrococcales;Nitrococcaceae;;
OTU_4820;28;0.916169;82.0895;Bacteria;Proteobacteria;Alphaproteobacteria;Hyphomicrobiales;Rhizobiaceae;;
OTU_4821;2;0.91312;82.0895;Unclassified;;;;;;
OTU_4822;2;0.942244;82.0755;Unclassified;;;;;;
OTU_4823;25;0.924915;81.9549;Unclassified;;;;;;
OTU_4824;18;0.898766;81.9549;Unclassified;;;;;;
OTU_4825;14;0.941485;81.9549;Unclassified;;;;;;
OTU_4826;15;0.978733;81.8182;Eukaryota;Dinoflagellata;Dinophyceae;;;;
OTU_4827;2;0.904334;81.8182;Unclassified;;;;;;
OTU_4828;2;0.924516;81.8182;Bacteria;;;;;;
OTU_4829;3;0.863049;81.746;Eukaryota;Bacillariophyta;Bacillariophyceae;;;;
OTU_4830;13;0.840729;81.7391;Bacteria;;;;;;
OTU_4831;10;0.842583;81.7204;Bacteria;Planctomycetes;vadinHA49;;;;
OTU_4832;11;0.916969;81.6794;Unclassified;;;;;;
OTU_4833;5;0.793523;81.5534;Unclassified;;;;;;
OTU_4834;4;0.947502;81.5534;Unclassified;;;;;;
OTU_4835;380;0.81474;81.4815;Bacteria;SAR324 clade(Marine group B);;;;;
OTU_4836;7;0.922298;81.4159;Bacteria;Proteobacteria;Alphaproteobacteria;Rhizobiales;;;
OTU_4837;3;0.801574;81.3953;Bacteria;Proteobacteria;Gammaproteobacteria;;;;
OTU_4838;43;0.933879;81.3433;Unclassified;;;;;;
OTU_4839;28;0.951359;81.3433;Unclassified;;;;;;
OTU_4840;2;0.910022;81.3433;Unclassified;;;;;;
OTU_4841;43;0.879258;81.3084;Unclassified;;;;;;
OTU_4842;6409;0.915536;81.203;Bacteria;Planctomycetes;Planctomycetia;Planctomycetales;;;
OTU_4843;3;0.821677;81.203;Unclassified;;;;;;
OTU_4844;2;0.880021;81.0811;Unclassified;;;;;;
OTU_4845;59;0.950878;81.0606;Unclassified;;;;;;
OTU_4846;148;0.955984;81.0606;Unclassified;;;;;;
OTU_4847;5;0.935424;81.0606;Unclassified;;;;;;
OTU_4848;7;0.929715;81.0606;Unclassified;;;;;;
OTU_4849;2;0.924395;81.0219;Unclassified;;;;;;
OTU_4850;2;0.953639;80.9524;Bacteria;Proteobacteria;Alphaproteobacteria;;;;
OTU_4851;2;0.889089;80.9524;Bacteria;Proteobacteria;Gammaproteobacteria;Burkholderiales;;;
OTU_4852;3;0.959732;80.916;Bacteria;Proteobacteria;Alphaproteobacteria;Parvibaculales;Parvibaculaceae;Mf105b01;
OTU_4853;2;0.937181;80.916;Unclassified;;;;;;
OTU_4854;13;0.960087;80.7692;Bacteria;Proteobacteria;Alphaproteobacteria;Rhodobacterales;Rhodobacteraceae;;
OTU_4855;2;0.95158;80.6202;Bacteria;Proteobacteria;Alphaproteobacteria;;;;
OTU_4856;31;0.958125;80.5825;Unclassified;;;;;;
OTU_4857;4;0.887577;80.5825;Bacteria;Proteobacteria;Alphaproteobacteria;;;;
OTU_4858;2;0.836572;80.5825;Unclassified;;;;;;
OTU_4859;2;0.93125;80.4688;Unclassified;;;;;;
OTU_4860;3;0.79433;80.4511;Unclassified;;;;;;
OTU_4861;2;0.91962;80.4511;Bacteria;;;;;;
OTU_4862;6;0.941313;80.2817;Bacteria;Planctomycetes;Planctomycetia;Planctomycetales;Rubinisphaeraceae;;
OTU_4863;578;0.961285;80.1471;Bacteria;Proteobacteria;Gammaproteobacteria;Pseudomonadales;KI89A clade;;
OTU_4864;3;0.971896;80;Bacteria;Proteobacteria;Alphaproteobacteria;Rhodobacterales;Rhodobacteraceae;;
OTU_4865;3;0.942797;80;Bacteria;NB1-j;;;;;
OTU_4866;11;0.919201;79.8507;Bacteria;Proteobacteria;Gammaproteobacteria;;;;
OTU_4867;4;0.912839;79.8077;Bacteria;NB1-j;;;;;
OTU_4868;2;0.831539;79.8077;Bacteria;Acidobacteriota;Holophagae;Acanthopleuribacterales;Acanthopleuribacteraceae;Acanthopleuribacter;
OTU_4869;4;0.911795;79.6992;Bacteria;Proteobacteria;Alphaproteobacteria;;;;
OTU_4870;2;0.838881;79.6117;Unclassified;;;;;;
OTU_4871;645;0.968351;79.562;Unclassified;;;;;;
OTU_4872;51;0.921844;79.5455;Unclassified;;;;;;
OTU_4873;10;0.928539;79.5455;Bacteria;Proteobacteria;Alphaproteobacteria;;;;
OTU_4874;3;0.919997;79.5276;Bacteria;Planctomycetes;Planctomycetia;Pirellulales;Pirellulaceae;;
OTU_4875;6;0.937975;79.4393;Bacteria;Dependentiae;Babeliae;Babeliales;;;
OTU_4876;8;0.9019;79.4393;Bacteria;Nitrospirae;Nitrospiria;Nitrospirales;Nitrospiraceae;Nitrospira;
OTU_4877;5;0.888167;79.3893;Bacteria;Acidobacteriota;Acidobacteriae;PAUC26f;;;
OTU_4878;4;0.878374;79.3893;Unclassified;;;;;;
OTU_4879;23;0.83388;79.3651;Unclassified;;;;;;
OTU_4880;2;0.911313;79.0698;Bacteria;Proteobacteria;Deltaproteobacteria;Myxococcales;Kofleriaceae;Haliangium;
OTU_4881;2;0.839712;79.0476;Unclassified;;;;;;
OTU_4882;5;0.727854;78.8462;Bacteria;Proteobacteria;Alphaproteobacteria;;;;
OTU_4883;34;0.925084;78.7879;Unclassified;;;;;;
OTU_4884;13;0.933001;78.7037;Unclassified;;;;;;
OTU_4885;2;0.918972;78.7037;Unclassified;;;;;;
OTU_4886;8;0.880249;78.6765;Bacteria;Proteobacteria;Alphaproteobacteria;Rhodobacterales;Rhodobacteraceae;;
OTU_4887;6;0.907966;78.626;Unclassified;;;;;;
OTU_4888;3;0.936262;78.4483;Eukaryota;Chrysophyta;Chrysophyceae;Chromulinales;Chromulinaceae;Chrysoxys;
OTU_4889;4;0.928612;78.4173;Bacteria;Proteobacteria;Alphaproteobacteria;Rhodobacterales;Rhodobacteraceae;;
OTU_4890;4;0.856641;78.4;Unclassified;;;;;;
OTU_4891;2;0.939338;78.2946;Unclassified;;;;;;
OTU_4892;565;0.786937;78.2609;Unclassified;;;;;;
OTU_4893;2;0.94663;78.125;Unclassified;;;;;;
OTU_4894;2;0.683847;78.0952;Bacteria;Proteobacteria;Gammaproteobacteria;Pseudomonadales;;;
OTU_4895;9;0.860607;78.0702;Bacteria;Proteobacteria;Gammaproteobacteria;Pseudomonadales;KI89A clade;;
OTU_4896;38;0.932664;77.8626;Unclassified;;;;;;
OTU_4897;2;0.665436;77.7778;Bacteria;Acidobacteriota;Thermoanaerobaculia;Thermoanaerobaculales;Thermoanaerobaculaceae;Subgroup 10;
OTU_4898;2;0.916896;77.7778;Bacteria;Planctomycetes;Pla4 lineage;;;;
OTU_4899;9;0.844049;77.6978;Unclassified;;;;;;
OTU_4900;95;0.940642;77.6923;Unclassified;;;;;;
OTU_4901;2962;0.887097;77.4436;Unclassified;;;;;;
OTU_4902;5;0.912014;77.305;Bacteria;Proteobacteria;Gammaproteobacteria;Pseudomonadales;;;
OTU_4903;5;0.883106;77.2727;Bacteria;Proteobacteria;Deltaproteobacteria;Myxococcales;Polyangiaceae;;
OTU_4904;7;0.876512;77.193;Unclassified;;;;;;
OTU_4905;576;0.83238;77.0992;Unclassified;;;;;;
OTU_4906;3;0.882066;77.0992;Bacteria;Proteobacteria;Gammaproteobacteria;;;;
OTU_4907;7;0.787884;76.9841;Unclassified;;;;;;
OTU_4908;30;0.92737;76.9231;Bacteria;Planctomycetes;Pla3 lineage;;;;
OTU_4909;2;0.939214;76.9231;Bacteria;Proteobacteria;Gammaproteobacteria;Pseudomonadales;SAR86 clade;;
OTU_4910;2;0.883426;76.9231;Unclassified;;;;;;
OTU_4911;34;0.813412;76.8657;Bacteria;Proteobacteria;Gammaproteobacteria;;;;
OTU_4912;4;0.947176;76.8657;Bacteria;NB1-j;;;;;
OTU_4913;2;0.85071;76.8519;Unclassified;;;;;;
OTU_4914;3;0.93334;76.7857;Eukaryota;Choanoflagellata;Choanoflagellida;Acanthoecida;Stephanoecidae;Diaphanoeca;
OTU_4915;10;0.895457;76.7442;Unclassified;;;;;;
OTU_4916;2;0.773802;76.6917;Unclassified;;;;;;
OTU_4917;19;0.870429;76.5152;Eukaryota;Ciliophora;Litostomatea;Haptoria;;;
OTU_4918;6;0.955437;76.5152;Unclassified;;;;;;
OTU_4919;2;0.87655;76.3158;Unclassified;;;;;;
OTU_4920;5;0.769543;76.2963;Unclassified;;;;;;
OTU_4921;8;0.814729;76.1538;Bacteria;Planctomycetes;Phycisphaerae;CCM11a;;;
OTU_4922;9;0.875694;76.1538;Unclassified;;;;;;
OTU_4923;14;0.811329;76.087;Bacteria;Proteobacteria;Deltaproteobacteria;Myxococcales;Myxococcaceae;P3OB-42;
OTU_4924;14;0.915858;76.0563;Bacteria;Planctomycetes;OM190;;;;
OTU_4925;14;0.819011;75.969;Bacteria;NB1-j;;;;;
OTU_4926;3;0.942928;75.9259;Bacteria;;;;;;
OTU_4927;4;0.876461;75.7576;Unclassified;;;;;;
OTU_4928;2;0.921114;75.7576;Unclassified;;;;;;
OTU_4929;3;0.887789;75.7353;Bacteria;Proteobacteria;Gammaproteobacteria;;;;
OTU_4930;5;0.886627;75.5725;Unclassified;;;;;;
OTU_4931;2;0.882209;75.5725;Bacteria;Proteobacteria;Alphaproteobacteria;;;;
OTU_4932;2;0.905565;75.4098;Bacteria;Planctomycetes;OM190;;;;
OTU_4933;18;0.951008;75.3846;Bacteria;Planctomycetes;Planctomycetia;Pirellulales;Pirellulaceae;;
OTU_4934;5;0.89831;75.3731;Bacteria;Proteobacteria;Gammaproteobacteria;;;;
OTU_4935;5;0.846142;75.188;Unclassified;;;;;;
OTU_4936;8;0.894409;75.1724;Unclassified;;;;;;
OTU_4937;294;0.692816;75;Unclassified;;;;;;
OTU_4938;4;0.808687;75;Unclassified;;;;;;
OTU_4939;3;0.840746;75;Bacteria;Proteobacteria;Alphaproteobacteria;Sphingomonadales;Sphingomonadaceae;;
OTU_4940;29;0.916227;74.8201;Bacteria;Planctomycetes;Planctomycetia;Pirellulales;Pirellulaceae;;
OTU_4941;3;0.887152;74.7967;Bacteria;Proteobacteria;Alphaproteobacteria;;;;
OTU_4942;2;0.882589;74.7899;Bacteria;Planctomycetes;Pla3 lineage;;;;
OTU_4943;2;0.798736;74.7664;Unclassified;;;;;;
OTU_4944;4;0.890846;74.7573;Unclassified;;;;;;
OTU_4945;15;0.846108;74.6269;Bacteria;Gemmatimonadota;BD2-11 terrestrial group;;;;
OTU_4946;2;0.898107;74.5614;Bacteria;Proteobacteria;Alphaproteobacteria;Rhizobiales;Xanthobacteraceae;;
OTU_4947;15890;0.887286;74.4361;Bacteria;Proteobacteria;Alphaproteobacteria;Rhodospirillales;Acetobacteraceae;;
OTU_4948;2;0.82034;74.4361;Unclassified;;;;;;
OTU_4949;3;0.805109;74.3802;Bacteria;Verrucomicrobia;Verrucomicrobiae;Verrucomicrobiales;Verrucomicrobia subdivision 3;Pedosphaera;
OTU_4950;2;0.906315;74.1071;Bacteria;Proteobacteria;Alphaproteobacteria;Kordiimonadales;Kordiimonadaceae;Kordiimonas;
OTU_4951;6;0.905145;73.9837;Bacteria;Entotheonellaeota;Entotheonellia;Entotheonellales;Entotheonellaceae;Candidatus Entotheonella;
OTU_4952;2;0.914937;73.6842;Unclassified;;;;;;
OTU_4953;4;0.879769;73.5294;Bacteria;Planctomycetes;OM190;;;;
OTU_4954;2;0.887288;73.5294;Unclassified;;;;;;
OTU_4955;3;0.855302;73.5099;Bacteria;Acidobacteriota;Subgroup 22;;;;
OTU_4956;124;0.879153;73.4848;Unclassified;;;;;;
OTU_4957;144;0.829522;73.2824;Eukaryota;Chlorophyta;Ulvophyceae;;;;
OTU_4958;2;0.688853;73.2824;Bacteria;Proteobacteria;Alphaproteobacteria;;;;
OTU_4959;28;0.817525;73.2673;Eukaryota;Stramenopiles;Bigyra;Thraustochytriaceae;Aplanochytrium;;
OTU_4960;22;0.865253;73.1343;Bacteria;Kiritimatiellaeota;Kiritimatiellae;WCHB1-41;;;
OTU_4961;2;0.913365;73.1343;Bacteria;Planctomycetes;Planctomycetia;Pirellulales;Pirellulaceae;Pir4 lineage;
OTU_4962;2;0.949376;73.0435;Unclassified;;;;;;
OTU_4963;3;0.949501;73.0435;Unclassified;;;;;;
OTU_4964;39;0.864995;72.9927;Unclassified;;;;;;
OTU_4965;2;0.825432;72.8571;Bacteria;Planctomycetes;vadinHA49;;;;
OTU_4966;2;0.839244;72.6562;Bacteria;Acidobacteriota;Thermoanaerobaculia;Thermoanaerobaculales;Thermoanaerobaculaceae;Subgroup 10;
OTU_4967;10;0.859407;72.5926;Bacteria;Acidobacteriota;Thermoanaerobaculia;Thermoanaerobaculales;Thermoanaerobaculaceae;Subgroup 10;
OTU_4968;2;0.90435;72.5807;Bacteria;Verrucomicrobia;Verrucomicrobiae;Verrucomicrobiales;DEV007;;
OTU_4969;16;0.91762;72.5191;Unclassified;;;;;;
OTU_4970;2;0.867328;72.4138;Unclassified;;;;;;
OTU_4971;4;0.745961;72.2628;Unclassified;;;;;;
OTU_4972;196;0.867713;72.1805;Unclassified;;;;;;
OTU_4973;4;0.852494;72.1805;Unclassified;;;;;;
OTU_4974;2;0.862757;72.1805;Bacteria;;;;;;
OTU_4975;2;0.823005;72.1739;Unclassified;;;;;;
OTU_4976;2;0.860897;72.1429;Bacteria;Proteobacteria;Alphaproteobacteria;;;;
OTU_4977;7;0.824222;72.1154;Unclassified;;;;;;
OTU_4978;4;0.863479;71.8519;Bacteria;;;;;;
OTU_4979;2;0.89532;71.8519;Unclassified;;;;;;
OTU_4980;6;0.949192;71.5517;Bacteria;Planctomycetes;Pla3 lineage;;;;
OTU_4981;2;0.786159;71.5385;Unclassified;;;;;;
OTU_4982;2;0.834056;71.3115;Bacteria;Proteobacteria;Alphaproteobacteria;Rhodobacterales;Rhodobacteraceae;;
OTU_4983;2;0.782087;71.2963;Bacteria;Proteobacteria;AT-s3-44;;;;
OTU_4984;1453;0.753666;71.028;Bacteria;Proteobacteria;Deltaproteobacteria;Myxococcales;Polyangiaceae;BIrii41;
OTU_4985;10;0.860787;70.9924;Bacteria;Acidobacteriota;Thermoanaerobaculia;Thermoanaerobaculales;Thermoanaerobaculaceae;Subgroup 10;
OTU_4986;2;0.859642;70.8955;Unclassified;;;;;;
OTU_4987;4;0.883244;70.8955;Unclassified;;;;;;
OTU_4988;3;0.838094;70.8955;Bacteria;Proteobacteria;Alphaproteobacteria;;;;
OTU_4989;2;0.674879;70.8609;Bacteria;Kiritimatiellaeota;Kiritimatiellae;WCHB1-41;;;
OTU_4990;5;0.763489;70.6767;Bacteria;Verrucomicrobia;Verrucomicrobiae;Verrucomicrobiales;DEV007;;
OTU_4991;9;0.879594;70.5426;Eukaryota;Bacillariophyta;Fragilariophyceae;Fragilariales;Fragilariaceae;Fragilaria;
OTU_4992;2;0.824209;70.4545;Eukaryota;Ciliophora;Oligohymenophorea;Sessilida;Zoothamniidae;Zoothamnopsis;
OTU_4993;86;0.873936;70.3704;Unclassified;;;;;;
OTU_4994;13;0.843755;70;Bacteria;Proteobacteria;Gammaproteobacteria;Pseudomonadales;;;
OTU_4995;6;0.843662;69.5652;Unclassified;;;;;;
OTU_4996;2;0.791673;69.5652;Bacteria;Planctomycetes;Planctomycetia;Planctomycetales;Gimesiaceae;uncultured;
OTU_4997;2;0.833226;69.4657;Bacteria;Planctomycetes;Planctomycetia;Pirellulales;Pirellulaceae;Pirellula;
OTU_4998;7;0.927683;69.4215;Bacteria;Acidobacteriota;Subgroup 22;;;;
OTU_4999;650;0.848785;69.1729;Unclassified;;;;;;
OTU_5000;2;0.719172;68.75;Unclassified;;;;;;
OTU_5001;21;0.745244;68.7023;Bacteria;Planctomycetes;Planctomycetia;Pirellulales;Pirellulaceae;Rhodopirellula;
OTU_5002;22;0.777117;68.7023;Eukaryota;Annelida;Polychaeta;Phyllodocida;;;
OTU_5003;8;0.792458;68.7023;Bacteria;Sva0485;;;;;
OTU_5004;3;0.875924;68.6567;Bacteria;Proteobacteria;Gammaproteobacteria;;;;
OTU_5005;3;0.714312;68.5039;Unclassified;;;;;;
OTU_5006;2;0.928882;68.4615;Eukaryota;Choanoflagellata;Choanoflagellida;Acanthoecida;Acanthoecidae;;
OTU_5007;2;0.929187;68.3453;Unclassified;;;;;;
OTU_5008;44;0.809051;67.9389;Bacteria;Gemmatimonadota;BD2-11 terrestrial group;;;;
OTU_5009;6;0.884497;67.4419;Unclassified;;;;;;
OTU_5010;13;0.743912;67.4074;Unclassified;;;;;;
OTU_5011;12;0.767587;66.9118;Bacteria;Proteobacteria;Deltaproteobacteria;Myxococcales;Nannocystaceae;;
OTU_5012;2;0.771266;66.9118;Unclassified;;;;;;
OTU_5013;35;0.632852;66.6667;Bacteria;Proteobacteria;Deltaproteobacteria;Myxococcales;Kofleriaceae;Haliangium;
OTU_5014;2;0.695248;66.6667;Unclassified;;;;;;
OTU_5015;3;0.77509;66.4122;Unclassified;;;;;;
OTU_5016;2;0.740624;66.4122;Unclassified;;;;;;
OTU_5017;3;0.756845;66.3717;Eukaryota;Bacillariophyta;;;;;
OTU_5018;2;0.834416;66.1157;Unclassified;;;;;;
OTU_5019;2;0.841745;65.942;Unclassified;;;;;;
OTU_5020;3;0.82397;65.8915;Bacteria;Planctomycetes;Planctomycetia;Pirellulales;Pirellulaceae;;
OTU_5021;2;0.811836;65.8915;Unclassified;;;;;;
OTU_5022;2;0.900747;65.8915;Bacteria;Planctomycetes;OM190;;;;
OTU_5023;41;0.769042;65.7143;Bacteria;Proteobacteria;Alphaproteobacteria;Rhodobacterales;Rhodobacteraceae;;
OTU_5024;2;0.933956;65.1852;Unclassified;;;;;;
OTU_5025;9;0.780149;65.1163;Bacteria;Proteobacteria;Gammaproteobacteria;;;;
OTU_5026;20;0.804884;65.1163;Unclassified;;;;;;
OTU_5027;3;0.730133;65.1007;Unclassified;;;;;;
OTU_5028;2;0.879422;65.0794;Bacteria;Proteobacteria;Alphaproteobacteria;;;;
OTU_5029;4;0.945648;64.9254;Bacteria;Proteobacteria;Alphaproteobacteria;;;;
OTU_5030;2;0.834321;64.8855;Unclassified;;;;;;
OTU_5031;2;0.822842;64.6552;Unclassified;;;;;;
OTU_5032;6;0.741294;63.7795;Bacteria;Proteobacteria;Alphaproteobacteria;Rhizobiales;;;
OTU_5033;4;0.922558;63.7795;Eukaryota;Dinoflagellata;Dinophyceae;Syndiniales;Amoebophryaceae;Amoebophrya;
OTU_5034;1029;0.790085;63.4328;Bacteria;Planctomycetes;Planctomycetia;Pirellulales;Pirellulaceae;Blastopirellula;
OTU_5035;5;0.787775;63.3588;Bacteria;Proteobacteria;Alphaproteobacteria;Sphingomonadales;Sphingomonadaceae;;
OTU_5036;2;0.890726;63.3588;Bacteria;Proteobacteria;Gammaproteobacteria;;;;
OTU_5037;2;0.611914;62.963;Bacteria;Dependentiae;Babeliae;Babeliales;UBA12409;;
OTU_5038;342;0.702279;62.7907;Bacteria;Proteobacteria;Gammaproteobacteria;Burkholderiales;Chitinimonadaceae;Chitinimonas;
OTU_5039;9;0.765816;62.5954;Bacteria;Proteobacteria;Alphaproteobacteria;Rhodobacterales;Rhodobacteraceae;;
OTU_5040;3;0.811419;62.5954;Bacteria;Proteobacteria;Gammaproteobacteria;Legionellales;Coxiellaceae;Aquicella;
OTU_5041;2;0.853807;62.1429;Unclassified;;;;;;
OTU_5042;9;0.693942;62.1212;Bacteria;Proteobacteria;Gammaproteobacteria;;;;
OTU_5043;2;0.789366;62.1212;Eukaryota;Dinoflagellata;Dinophyceae;Peridiniphycidae;;;
OTU_5044;20;0.802816;61.9048;Bacteria;Planctomycetes;OM190;;;;
OTU_5045;2;0.858934;61.8321;Bacteria;Planctomycetes;Planctomycetia;Pirellulales;Pirellulaceae;;
OTU_5046;2;0.739573;61.0687;Bacteria;Planctomycetes;OM190;;;;
OTU_5047;6;0.867795;60.8;Unclassified;;;;;;
OTU_5048;2;0.909816;60.5442;Bacteria;Proteobacteria;Gammaproteobacteria;;;;
OTU_5049;3;0.562686;59.7484;Bacteria;Proteobacteria;Deltaproteobacteria;Myxococcales;Nannocystaceae;;
OTU_5050;9;0.520009;58.0882;Unclassified;;;;;;
OTU_5051;2;0.280143;56.1151;Unclassified;;;;;;
OTU_5052;2;0.776452;55.0388;Bacteria;Proteobacteria;Gammaproteobacteria;Pseudomonadales;KI89A clade;;
OTU_5053;26;0.440237;54.5455;Unclassified;;;;;;
OTU_5054;3;0.573887;54.4776;Unclassified;;;;;;
OTU_5055;2;0.333311;53.1469;Eukaryota;Ciliophora;Spirotrichea;;;;
OTU_5056;2;0.416876;51.2821;Bacteria;Proteobacteria;Deltaproteobacteria;Myxococcales;Nannocystaceae;Nannocystis;
OTU_5057;2;0.418232;51.2048;Unclassified;;;;;;
OTU_5058;2;0.664104;50.9202;Unclassified;;;;;;
OTU_5059;2;0.736963;50.7812;Bacteria;NB1-j;;;;;
OTU_5060;2;0.516832;50.4505;Bacteria;Planctomycetes;Pla4 lineage;;;;
OTU_5061;3;0.419317;50;Bacteria;Planctomycetes;vadinHA49;;;;
OTU_5062;3;0.642052;49.7006;Unclassified;;;;;;
OTU_5063;2;0.656709;49.6296;Unclassified;;;;;;
OTU_5064;3;0.701319;49.5727;Bacteria;Acidobacteriota;Holophagae;Acanthopleuribacterales;Acanthopleuribacteraceae;Acanthopleuribacter;
OTU_5065;5;0.447784;48.7395;Bacteria;Proteobacteria;Gammaproteobacteria;Competibacterales;Competibacteraceae;Candidatus Competibacter;
OTU_5066;2;0.439318;48.5876;Bacteria;;;;;;
OTU_5067;12;0.458293;48.1928;Bacteria;Acidobacteriota;Thermoanaerobaculia;Thermoanaerobaculales;Thermoanaerobaculaceae;Subgroup 10;
OTU_5068;2;0.526653;47.8992;Bacteria;Acidobacteriota;Subgroup 22;;;;
OTU_5069;6;0.585679;47.0238;Unclassified;;;;;;
OTU_5070;3;0.562869;46.9027;Bacteria;Proteobacteria;Alphaproteobacteria;;;;
OTU_5071;5;0.467731;46.5909;Bacteria;Proteobacteria;Gammaproteobacteria;;;;
OTU_5072;19;0.516475;45.9716;Unclassified;;;;;;
OTU_5073;5;0.514792;45.9459;Unclassified;;;;;;
OTU_5074;2;0.414431;44.7853;Eukaryota;Porifera;Demospongiae;Clionaida;;;
OTU_5075;3;0.517111;44.2529;Bacteria;Proteobacteria;Alphaproteobacteria;;;;
OTU_5076;2;0.6398;43.8272;Unclassified;;;;;;
OTU_5077;2;0.499923;43.5583;Unclassified;;;;;;
OTU_5078;5;0.533752;43.4783;Bacteria;Planctomycetes;Planctomycetia;Pirellulales;Pirellulaceae;;
OTU_5079;2;0.574174;43.3566;Bacteria;Proteobacteria;Alphaproteobacteria;;;;
OTU_5080;2;0.636866;42.735;Unclassified;;;;;;
OTU_5081;2;0.667026;42.7273;Bacteria;Planctomycetes;Pla4 lineage;;;;
OTU_5082;2;0.610283;42.446;Unclassified;;;;;;
OTU_5083;4;0.503761;41.7808;Bacteria;Planctomycetes;Planctomycetia;Pirellulales;Pirellulaceae;Pirellula;
OTU_5084;2;0.740308;41.6107;Unclassified;;;;;;
OTU_5085;4;0.614676;41.129;Unclassified;;;;;;
OTU_5086;2;0.513887;40.8889;Bacteria;Proteobacteria;Alphaproteobacteria;Rhodobacterales;Rhodobacteraceae;;
OTU_5087;672;0.644769;40.8046;Bacteria;Planctomycetes;Planctomycetia;Pirellulales;Pirellulaceae;Rhodopirellula;
OTU_5088;3;0.602445;40.6977;Bacteria;Acidobacteriota;Holophagae;Acanthopleuribacterales;Acanthopleuribacteraceae;Acanthopleuribacter;
OTU_5089;2;0.63271;40;Unclassified;;;;;;
OTU_5090;18;0.693385;39.4366;Unclassified;;;;;;
OTU_5091;2;0.69678;35.1145;Unclassified;;;;;;
OTU_5092;3;0.453682;33.1818;Eukaryota;;;;;;
OTU_5093;3;0.551803;31.1377;Unclassified;;;;;;
