sequence_identifier,size,sequence_score,identity,Domain,Phylum,Class,Order,Family,Genus,Species
OTU_19,1373,0.986226,100,Bacteria,Proteobacteria,Gammaproteobacteria,,,,
OTU_45,238,0,100,Eukaryota,Brachiopoda,,,,,
OTU_61,131,0,100,Bacteria,Proteobacteria,Alphaproteobacteria,Rhodobacterales,Rhodobacteraceae,,
OTU_65,116,0,100,Eukaryota,Bacillariophyta,,,,,
OTU_81,67,0,100,Bacteria,Proteobacteria,Alphaproteobacteria,Rhodobacterales,Rhodobacteraceae,,
OTU_86,55,0,100,Bacteria,Proteobacteria,Gammaproteobacteria,Pseudomonadales,,,
OTU_99,51,0,100,Eukaryota,,,,,,
OTU_107,141,0.986559,100,Bacteria,Proteobacteria,Gammaproteobacteria,,,,
OTU_112,47,0,100,Bacteria,Proteobacteria,Alphaproteobacteria,Rhodobacterales,Rhodobacteraceae,,
OTU_113,24,0,100,Bacteria,Proteobacteria,Alphaproteobacteria,Rhizobiales,Rhizobiaceae,,
OTU_115,94,0,100,Bacteria,Nitrospirae,Nitrospiria,Nitrospirales,Nitrospiraceae,Nitrospira,
OTU_142,20,0,100,Bacteria,Proteobacteria,Alphaproteobacteria,Sphingomonadales,Sphingomonadaceae,,
OTU_158,10,0.989266,100,Eukaryota,Rhodophyta,Florideophycidae,,,,
OTU_180,35,0,100,Bacteria,Proteobacteria,,,,,
OTU_218,22,0.986814,100,Bacteria,Proteobacteria,Gammaproteobacteria,,,,
OTU_231,6,0,100,Eukaryota,Ciliophora,Spirotrichea,Euplotida,Aspidiscidae,Aspidisca,
OTU_234,111,0,100,Bacteria,Proteobacteria,Alphaproteobacteria,,,,
OTU_267,14,0,100,Eukaryota,Mollusca,Bivalvia,Mytiloida,,,
OTU_270,7,0,100,Eukaryota,Echinodermata,Ophiuroidea,,,,
OTU_272,19,0,100,Eukaryota,Ciliophora,Spirotrichea,Euplotida,Euplotidae,Euplotes,
OTU_281,9,0,100,Bacteria,Proteobacteria,Alphaproteobacteria,Hyphomicrobiales,Methylobacteriaceae,Methylobacterium,
OTU_285,17,0,100,Bacteria,Proteobacteria,Alphaproteobacteria,Rhodobacterales,Rhodobacteraceae,,
OTU_289,4,0.985541,100,Bacteria,Acidobacteriota,Vicinamibacteria,Subgroup 17,,,
OTU_291,8,0,100,Bacteria,Proteobacteria,Gammaproteobacteria,,,,
OTU_313,6,0,100,Bacteria,Proteobacteria,Gammaproteobacteria,Pseudomonadales,,,
OTU_330,32,0,100,Bacteria,Proteobacteria,Gammaproteobacteria,Pseudomonadales,SAR86 clade,,
OTU_362,19,0.986713,100,Bacteria,,,,,,
OTU_376,13,0,100,Bacteria,Proteobacteria,Gammaproteobacteria,,,,
OTU_383,19,0.986761,100,Bacteria,Proteobacteria,Gammaproteobacteria,,,,
OTU_411,13,0,100,Bacteria,Proteobacteria,Alphaproteobacteria,Rhodobacterales,Rhodobacteraceae,,
OTU_415,5,0.986503,100,Bacteria,Proteobacteria,Alphaproteobacteria,,,,
OTU_447,5,0,100,Eukaryota,Bacillariophyta,Mediophyceae,Chaetoceros,Diatomea,Chaetoceros,
OTU_458,12,0,100,Bacteria,Proteobacteria,Alphaproteobacteria,,,,
OTU_471,2,0,100,Eukaryota,Chrysophyta,Chrysophyceae,Chromulinales,Paraphysomonadaceae,Paraphysomonas,
OTU_501,11,0.986383,100,Bacteria,,,,,,
OTU_574,5,0.986744,100,Bacteria,Proteobacteria,Deltaproteobacteria,Myxococcales,Sandaracinaceae,uncultured,
OTU_583,2,0,100,Bacteria,Proteobacteria,Alphaproteobacteria,,,,
OTU_587,3,0.984118,100,Bacteria,Nitrospirae,Nitrospinia,Nitrospinales,Nitrospinaceae,LS-NOB,
OTU_639,3,0,100,Eukaryota,Ciliophora,Spirotrichea,,,,
OTU_643,10,0,100,Bacteria,Proteobacteria,Gammaproteobacteria,Pseudomonadales,,,
OTU_644,3,0,100,Eukaryota,,,,,,
OTU_646,5,0,100,Eukaryota,Dinoflagellata,Dinophyceae,,,,
OTU_651,2,0,100,Eukaryota,,,,,,
OTU_660,3,0,100,Bacteria,Proteobacteria,Alphaproteobacteria,,,,
OTU_678,6,0,100,Bacteria,Proteobacteria,Gammaproteobacteria,Chromatiales,,,
OTU_694,4,0,100,Eukaryota,Ciliophora,Spirotrichea,Euplotida,Gastrocirrhidae,Euplotidium,
OTU_695,5,0,100,Bacteria,Proteobacteria,Epsilonproteobacteria,Campylobacterales,Thiovulaceae,Sulfurimonas,
OTU_711,4,0,100,Bacteria,Proteobacteria,Alphaproteobacteria,Rhodospirillales,AEGEAN-169 marine group,,
OTU_713,5,0,100,Eukaryota,Dinoflagellata,Dinophyceae,,,,
OTU_727,3,0,100,Eukaryota,Mollusca,Bivalvia,Veneroida,,,
OTU_742,2,0,100,Unclassified,,,,,,
OTU_745,2,0,100,Bacteria,Proteobacteria,Alphaproteobacteria,Hyphomicrobiales,Rhizobiaceae,,
OTU_761,3,0,100,Bacteria,Proteobacteria,Alphaproteobacteria,Rhizobiales,,,
OTU_776,2,0,100,Bacteria,Proteobacteria,Gammaproteobacteria,Burkholderiales,,,
OTU_789,4,0,100,Bacteria,Proteobacteria,Alphaproteobacteria,Rhodobacterales,Rhodobacteraceae,,
OTU_827,4,0,100,Bacteria,Proteobacteria,Gammaproteobacteria,Pseudomonadales,,,
OTU_834,2,0,100,Bacteria,Proteobacteria,Gammaproteobacteria,Pseudomonadales,SAR86 clade,,
OTU_859,3,0,100,Bacteria,Proteobacteria,Gammaproteobacteria,,,,
OTU_864,3,0,100,Bacteria,Proteobacteria,Alphaproteobacteria,Sphingomonadales,Sphingomonadaceae,,
OTU_875,2,0,100,Bacteria,Proteobacteria,Alphaproteobacteria,Kordiimonadales,Kordiimonadaceae,Kordiimonas,
OTU_919,2,0.98666,100,Bacteria,Proteobacteria,Gammaproteobacteria,Pseudomonadales,,,
OTU_948,3,0,100,Bacteria,Proteobacteria,Alphaproteobacteria,Rhodobacterales,Rhodobacteraceae,,
OTU_950,2,0.986823,100,Bacteria,Proteobacteria,Gammaproteobacteria,,,,
OTU_954,5,0,100,Bacteria,Proteobacteria,Alphaproteobacteria,,,,
OTU_957,2,0,100,Bacteria,Proteobacteria,Alphaproteobacteria,Rhizobiales,,,
OTU_960,2,0.98619,100,Bacteria,Proteobacteria,Alphaproteobacteria,Sphingomonadales,Sphingomonadaceae,,
OTU_996,5,0.986709,100,Bacteria,Proteobacteria,Gammaproteobacteria,,,,
OTU_1012,3,0,100,Bacteria,Planctomycetes,Planctomycetia,Pirellulales,Pirellulaceae,Rhodopirellula,
OTU_240,5,0.975571,99.2537,Eukaryota,Mollusca,Bivalvia,Ostreoida,,,
OTU_326,16,0.98782,99.2424,Eukaryota,Mollusca,Gastropoda,,,,
OTU_638,2,0.988434,99.2424,Eukaryota,Porifera,Demospongiae,,,,
OTU_137,79,0.989012,99.2366,Eukaryota,Cnidaria,Anthozoa,Actiniaria,,,
OTU_201,9,0.983406,99.2366,Eukaryota,Magnoliophyta,,,,,
OTU_340,10,0.988701,99.2188,Eukaryota,Chlorophyta,Trebouxiophyceae,Chlorellales,Chlorellales Incertae Sedis,Picochlorum,
OTU_453,2,0.977486,99.2188,Eukaryota,Basidiomycota,Malasseziomycetes,Malasseziales,Malasseziaceae,Malassezia,
OTU_169,16,0.988601,99.2126,Eukaryota,Bacillariophyta,Bacillariophyceae,,,,
OTU_67,77,0.98904,99.2063,Eukaryota,Dinoflagellata,Dinophyceae,Suessiales,Symbiodiniaceae,Symbiodinium,
OTU_612,2,0.987034,99.0654,Bacteria,Proteobacteria,Alphaproteobacteria,Rhodobacterales,Rhodobacteraceae,,
OTU_679,2,0.986885,99.0654,Bacteria,Proteobacteria,Alphaproteobacteria,Rhodobacterales,Rhodobacteraceae,,
OTU_710,4,0.986814,99.0654,Bacteria,Proteobacteria,Alphaproteobacteria,Puniceispirillales,SAR116 clade,,
OTU_233,8,0.97255,99.0476,Bacteria,Proteobacteria,Alphaproteobacteria,,,,
OTU_712,2,0.986299,99.0476,Bacteria,Proteobacteria,,,,,
OTU_995,5,0.97238,99.0476,Bacteria,Proteobacteria,Alphaproteobacteria,,,,
OTU_101,40,0.986591,99.0385,Bacteria,Proteobacteria,Alphaproteobacteria,Rhodobacterales,Rhodobacteraceae,,
OTU_361,5,0.986383,99.0385,Bacteria,Proteobacteria,Alphaproteobacteria,Rhodospirillales,,,
OTU_977,2,0.986642,99.0385,Bacteria,Proteobacteria,Gammaproteobacteria,Pseudomonadales,KI89A clade,,
OTU_7,9048,0.986722,99.0291,Bacteria,Proteobacteria,Alphaproteobacteria,Rhodobacterales,Rhodobacteraceae,,
OTU_301,5,0.986849,99.0291,Bacteria,Proteobacteria,Gammaproteobacteria,Burkholderiales,Nitrosomonadaceae,,
OTU_526,4,0.98551,99.0291,Bacteria,Acidobacteriota,Acidobacteriae,PAUC26f,,,
OTU_654,5,0.986892,99.0291,Bacteria,Proteobacteria,Gammaproteobacteria,,,,
OTU_744,3,0.98625,99.0291,Bacteria,Proteobacteria,Gammaproteobacteria,Nitrococcales,Nitrococcaceae,,
OTU_836,6,0.986874,99.0291,Bacteria,Proteobacteria,Gammaproteobacteria,,,,
OTU_216,14,0.98542,99.0099,Bacteria,Planctomycetes,Planctomycetia,Pirellulales,Pirellulaceae,Blastopirellula,
OTU_352,5,0.961768,99,Bacteria,Proteobacteria,Gammaproteobacteria,,,,
OTU_607,13,0.986484,99,Bacteria,Proteobacteria,Gammaproteobacteria,,,,
OTU_938,4,0.979082,99,Bacteria,Proteobacteria,Deltaproteobacteria,Myxococcales,Kofleriaceae,Haliangium,
OTU_991,2,0.986257,99,Bacteria,,,,,,
OTU_653,3,0.986836,98.9583,Bacteria,Proteobacteria,Alphaproteobacteria,,,,
OTU_464,3,0.986422,98.9474,Bacteria,Proteobacteria,Gammaproteobacteria,,,,
OTU_373,4,0.985828,98.8095,Bacteria,Proteobacteria,Deltaproteobacteria,Myxococcales,Nannocystaceae,,
OTU_892,8,0.985494,98.5714,Bacteria,Acidobacteriota,Thermoanaerobaculia,Thermoanaerobaculales,Thermoanaerobaculaceae,Subgroup 10,
OTU_127,21,0.981336,98.4496,Eukaryota,Nematoda,Chromadorea,Chromadorida,,,
OTU_884,2,0.974444,98.4496,Eukaryota,Stramenopiles,Bigyra,Thraustochytriaceae,Aplanochytrium,,
OTU_751,4,0.988952,98.4127,Eukaryota,Dinoflagellata,Dinophyceae,,,,
OTU_145,120,0.986422,98.1132,Bacteria,Nitrospirae,Nitrospiria,Nitrospirales,Nitrospiraceae,Nitrospira,
OTU_136,76,0.986768,98.0952,Bacteria,Proteobacteria,Alphaproteobacteria,Azospirillales,Azospirillaceae,Azospirillum,
OTU_488,4,0.971377,98.0952,Bacteria,Proteobacteria,Deltaproteobacteria,Myxococcales,Sandaracinaceae,,
OTU_779,7,0.981858,98.0952,Bacteria,Proteobacteria,Alphaproteobacteria,Rhodobacterales,Rhodobacteraceae,,
OTU_782,2,0.986983,98.0952,Bacteria,Proteobacteria,Alphaproteobacteria,,,,
OTU_814,2,0.979217,98.0952,Bacteria,Proteobacteria,Alphaproteobacteria,Rhodobacterales,Rhodobacteraceae,,
OTU_970,2,0.9862,98.0952,Bacteria,Planctomycetes,Planctomycetia,Pirellulales,Pirellulaceae,,
OTU_203,20,0.986588,98.0769,Bacteria,Proteobacteria,Alphaproteobacteria,,,,
OTU_62,318,0.986197,98.0583,Bacteria,Proteobacteria,Gammaproteobacteria,,,,
OTU_195,15,0.986803,98.0583,Bacteria,Proteobacteria,Gammaproteobacteria,Enterobacterales,,,
OTU_406,3,0.981525,98.0583,Bacteria,Proteobacteria,Gammaproteobacteria,,,,
OTU_473,8,0.986541,98.0583,Bacteria,Proteobacteria,Gammaproteobacteria,Pseudomonadales,,,
OTU_775,9,0.957482,98.0583,Bacteria,Proteobacteria,Alphaproteobacteria,,,,
OTU_883,12,0.986779,98.0583,Bacteria,Proteobacteria,Alphaproteobacteria,,,,
OTU_903,7,0.985393,98.0583,Bacteria,,,,,,
OTU_933,3,0.985494,98.0583,Bacteria,Gemmatimonadota,BD2-11 terrestrial group,,,,
OTU_302,26,0.986534,98.0392,Bacteria,Proteobacteria,Alphaproteobacteria,,,,
OTU_564,5,0.985136,98.0198,Bacteria,Planctomycetes,Planctomycetia,Pirellulales,Pirellulaceae,,
OTU_275,12,0.986523,98,Bacteria,Proteobacteria,Gammaproteobacteria,Ga0077536,,,
OTU_485,7,0.986539,98,Bacteria,Proteobacteria,Gammaproteobacteria,,,,
OTU_317,8,0.972353,97.9592,Bacteria,Proteobacteria,Alphaproteobacteria,,,,
OTU_479,3,0.98674,97.9381,Bacteria,Proteobacteria,Alphaproteobacteria,Rhodobacterales,Rhodobacteraceae,,
OTU_474,14,0.986395,97.8947,Bacteria,Proteobacteria,Gammaproteobacteria,,,,
OTU_71,103,0.981374,97.7273,Eukaryota,Cnidaria,Hydrozoa,Leptothecata,,,
OTU_964,2,0.987003,97.7273,Bacteria,Proteobacteria,Alphaproteobacteria,Rhodobacterales,Rhodobacteraceae,,
OTU_219,11,0.983083,97.6744,Eukaryota,Cnidaria,Scyphozoa,Stauromedusae,,,
OTU_914,2,0.985547,97.6744,Bacteria,Kiritimatiellaeota,Kiritimatiellae,WCHB1-41,,,
OTU_649,3,0.988491,97.6378,Eukaryota,Bacillariophyta,Coscinodiscophyceae,Thalassiosirales,Thalassiosiraceae,,
OTU_288,8,0.985982,97.619,Bacteria,Proteobacteria,Gammaproteobacteria,,,,
OTU_696,4,0.971975,97.619,Bacteria,Proteobacteria,Alphaproteobacteria,,,,
OTU_990,4,0.970552,97.619,Bacteria,Proteobacteria,Gammaproteobacteria,Competibacterales,Competibacteraceae,Candidatus Competibacter,
OTU_668,2,0.962744,97.1963,Bacteria,Proteobacteria,Alphaproteobacteria,Caulobacterales,Hyphomonadaceae,,
OTU_871,2,0.939807,97.1698,Bacteria,Proteobacteria,Alphaproteobacteria,Rhizobiales,Xanthobacteraceae,,
OTU_365,4,0.981401,97.1429,Bacteria,Proteobacteria,Alphaproteobacteria,,,,
OTU_370,4,0.985948,97.1429,Bacteria,Planctomycetes,Planctomycetia,Pirellulales,Pirellulaceae,,
OTU_393,12,0.985624,97.1429,Bacteria,Acidobacteriota,Thermoanaerobaculia,Thermoanaerobaculales,Thermoanaerobaculaceae,Subgroup 10,
OTU_407,24,0.985855,97.1429,Bacteria,Acidobacteriota,Thermoanaerobaculia,Thermoanaerobaculales,Thermoanaerobaculaceae,Subgroup 10,
OTU_416,3,0.98477,97.1429,Eukaryota,Ciliophora,Oligohymenophorea,,,,
OTU_590,15,0.986223,97.1429,Bacteria,Acidobacteriota,Vicinamibacteria,Vicinamibacterales,,,
OTU_805,3,0.985415,97.1429,Bacteria,Proteobacteria,Deltaproteobacteria,Myxococcales,Kofleriaceae,Haliangium,
OTU_828,2,0.958477,97.1429,Bacteria,Proteobacteria,Deltaproteobacteria,Myxococcales,Polyangiaceae,,
OTU_1011,3,0.986678,97.1429,Bacteria,Proteobacteria,Alphaproteobacteria,Rhodobacterales,Rhodobacteraceae,,
OTU_28,1522,0.957662,97.0874,Bacteria,Proteobacteria,Alphaproteobacteria,Rhizobiales,Xanthobacteraceae,,
OTU_202,14,0.971539,97.0874,Bacteria,Proteobacteria,Gammaproteobacteria,,,,
OTU_295,17,0.986656,97.0874,Bacteria,Proteobacteria,Alphaproteobacteria,Rhizobiales,Xanthobacteraceae,,
OTU_386,16,0.985643,97.0874,Bacteria,Planctomycetes,Planctomycetia,Planctomycetales,,,
OTU_486,4,0.957131,97.0874,Bacteria,Proteobacteria,Gammaproteobacteria,Enterobacterales,Pseudoalteromonadaceae,Pseudoalteromonas,
OTU_523,4,0.971765,97.0874,Bacteria,Proteobacteria,Gammaproteobacteria,,,,
OTU_571,9,0.985653,97.0874,Bacteria,NB1-j,,,,,
OTU_670,9,0.957496,97.0874,Bacteria,Proteobacteria,Gammaproteobacteria,Enterobacterales,Shewanellaceae,Shewanella,
OTU_780,2,0.986685,97.0874,Bacteria,Proteobacteria,Alphaproteobacteria,,,,
OTU_890,5,0.967456,97.0874,Bacteria,Planctomycetes,vadinHA49,,,,
OTU_967,2,0.986466,97.0874,Bacteria,Proteobacteria,Gammaproteobacteria,,,,
OTU_986,2,0.985562,97.0874,Bacteria,Planctomycetes,vadinHA49,,,,
OTU_64,390,0.986294,97.0297,Bacteria,Proteobacteria,Alphaproteobacteria,,,,
OTU_38,171,0.988758,97.0149,Eukaryota,Cnidaria,Scyphozoa,Coronatae,,,
OTU_46,143,0.987934,97,Eukaryota,Rhodophyta,Florideophyceae,Corallinophycidae,,,
OTU_249,7,0.972087,97,Bacteria,Proteobacteria,Gammaproteobacteria,,,,
OTU_15,643,0.976709,96.9925,Eukaryota,Annelida,Polychaeta,,,,
OTU_1,671882,0.988441,96.9697,Eukaryota,Porifera,Demospongiae,,,,
OTU_2,343631,0.988662,96.9697,Eukaryota,Porifera,Demospongiae,,,,
OTU_927,3,0.988864,96.9697,Eukaryota,Annelida,Polychaeta,Phyllodocida,,,
OTU_110,19,0.982211,96.9466,Eukaryota,Platyhelminthes,Rhabditophora,Macrostomida,,,
OTU_228,6,0.976612,96.875,Eukaryota,Rhodophyta,Florideophyceae,,,,
OTU_449,4,0.983662,96.8254,Eukaryota,Dinoflagellata,Dinophyceae,,,,
OTU_80,42,0.983518,96.8,Eukaryota,Bacillariophyta,Bacillariophyceae,,,,
OTU_73,70,0.988934,96.6942,Eukaryota,Chordata,Ascidiacea,Stolidobranchia,,,
OTU_261,10,0.971503,96.5116,Bacteria,Proteobacteria,Gammaproteobacteria,Legionellales,Coxiellaceae,Coxiella,
OTU_367,19,0.985631,96.5116,Bacteria,Entotheonellaeota,Entotheonellia,Entotheonellales,Entotheonellaceae,Candidatus Entotheonella,
OTU_379,16,0.978988,96.5116,Bacteria,Acidobacteriota,Blastocatellia,Blastocatellales,Blastocatellaceae,,
OTU_850,2,0.979132,96.4286,Bacteria,NB1-j,,,,,
OTU_974,4,0.9703,96.4286,Bacteria,Proteobacteria,Deltaproteobacteria,Myxococcales,Nannocystaceae,,
OTU_131,64,0.986037,96.3855,Bacteria,Acidobacteriota,Thermoanaerobaculia,Thermoanaerobaculales,Thermoanaerobaculaceae,,
OTU_398,12,0.985596,96.3855,Bacteria,Acidobacteriota,Thermoanaerobaculia,Thermoanaerobaculales,Thermoanaerobaculaceae,Subgroup 10,
OTU_524,3,0.98596,96.3855,Bacteria,Acidobacteriota,Thermoanaerobaculia,Thermoanaerobaculales,Thermoanaerobaculaceae,Subgroup 10,
OTU_77,161,0.98898,96.2406,Eukaryota,Chordata,Ascidiacea,Stolidobranchia,,,
OTU_312,5,0.98672,96.2264,Bacteria,Proteobacteria,Alphaproteobacteria,Rhodobacterales,Rhodobacteraceae,,
OTU_70,41,0.986667,96.1905,Bacteria,Proteobacteria,Alphaproteobacteria,,,,
OTU_165,23,0.985896,96.1905,Bacteria,Acidobacteriota,Thermoanaerobaculia,Thermoanaerobaculales,Thermoanaerobaculaceae,,
OTU_167,35,0.986613,96.1905,Bacteria,Proteobacteria,Alphaproteobacteria,,,,
OTU_198,36,0.986691,96.1905,Bacteria,Proteobacteria,Gammaproteobacteria,,,,
OTU_227,22,0.986032,96.1905,Bacteria,Planctomycetes,Planctomycetia,Pirellulales,Pirellulaceae,Blastopirellula,
OTU_245,16,0.986168,96.1905,Bacteria,Planctomycetes,Planctomycetia,Pirellulales,Pirellulaceae,,
OTU_286,22,0.986123,96.1905,Bacteria,Planctomycetes,Planctomycetia,Pirellulales,Pirellulaceae,Rhodopirellula,
OTU_359,3,0.957516,96.1905,Bacteria,Proteobacteria,Alphaproteobacteria,Rhizobiales,Methyloligellaceae,,
OTU_433,4,0.974249,96.1905,Eukaryota,Ciliophora,Oligohymenophorea,Sessilida,Vaginicolidae,Vaginicola,
OTU_441,2,0.986255,96.1905,Bacteria,Proteobacteria,Deltaproteobacteria,Desulfovibrionales,Desulfovibrionaceae,,
OTU_532,7,0.985478,96.1905,Bacteria,,,,,,
OTU_604,2,0.957305,96.1905,Bacteria,Proteobacteria,Deltaproteobacteria,Myxococcales,Polyangiaceae,,
OTU_755,6,0.985796,96.1905,Bacteria,,,,,,
OTU_910,2,0.985816,96.1905,Bacteria,Acidobacteriota,Thermoanaerobaculia,Thermoanaerobaculales,Thermoanaerobaculaceae,Subgroup 10,
OTU_427,11,0.971822,96.1538,Bacteria,Proteobacteria,Alphaproteobacteria,Puniceispirillales,SAR116 clade,,
OTU_856,2,0.97837,96.1538,Bacteria,Proteobacteria,Alphaproteobacteria,,,,
OTU_6,14139,0.988162,96.124,Eukaryota,Porifera,Calcarea,,,,
OTU_839,2,0.98789,96.124,Eukaryota,Choanoflagellata,Choanoflagellida,Acanthoecida,Stephanoecidae,Diaphanoeca,
OTU_10,3618,0.97125,96.1165,Bacteria,Proteobacteria,Gammaproteobacteria,Proteobacteria,Gammaproteobacteria,,
OTU_37,405,0.985714,96.1165,Bacteria,Planctomycetes,Planctomycetia,Pirellulales,Pirellulaceae,,
OTU_325,8,0.926599,96.1165,Bacteria,Proteobacteria,Gammaproteobacteria,Pseudomonadales,,,
OTU_378,14,0.963087,96.1165,Bacteria,Proteobacteria,Alphaproteobacteria,,,,
OTU_434,12,0.956522,96.1165,Bacteria,Proteobacteria,Alphaproteobacteria,Rhodobacterales,Rhodobacteraceae,,
OTU_530,3,0.985851,96.1165,Bacteria,Planctomycetes,Planctomycetia,Pirellulales,Pirellulaceae,,
OTU_600,2,0.986512,96.1165,Bacteria,Proteobacteria,Alphaproteobacteria,,,,
OTU_719,3,0.970609,96.1165,Bacteria,Proteobacteria,Gammaproteobacteria,,,,
OTU_721,8,0.949826,96.1165,Bacteria,Proteobacteria,Alphaproteobacteria,,,,
OTU_753,3,0.986466,96.1165,Bacteria,,,,,,
OTU_767,4,0.985221,96.1165,Bacteria,Planctomycetes,Planctomycetia,Planctomycetales,,,
OTU_792,3,0.985433,96.1165,Bacteria,NB1-j,,,,,
OTU_866,2,0.986422,96.1165,Bacteria,Proteobacteria,Alphaproteobacteria,,,,
OTU_870,4,0.985908,96.1165,Bacteria,Gemmatimonadota,BD2-11 terrestrial group,,,,
OTU_929,2,0.986662,96.1165,Bacteria,Proteobacteria,Gammaproteobacteria,,,,
OTU_961,2,0.986649,96.1165,Bacteria,Proteobacteria,Gammaproteobacteria,,,,
OTU_963,2,0.971054,96.1165,Bacteria,Proteobacteria,Gammaproteobacteria,Burkholderiales,Chitinimonadaceae,Chitinimonas,
OTU_321,48,0.980723,96.0784,Bacteria,Proteobacteria,Alphaproteobacteria,,,,
OTU_916,3,0.96898,96.063,Eukaryota,Bacillariophyta,Fragilariophyceae,Fragilariales,Fragilariaceae,Fragilaria,
OTU_322,19,0.945595,96.0396,Bacteria,Proteobacteria,Gammaproteobacteria,,,,
OTU_558,4,0.971792,96.0396,Bacteria,Proteobacteria,Gammaproteobacteria,,,,
OTU_968,2,0.97622,96.0317,Eukaryota,Dinoflagellata,Dinophyceae,Peridiniphycidae,,,
OTU_126,161,0.934993,96,Bacteria,Proteobacteria,Gammaproteobacteria,,,,
OTU_300,9,0.967144,96,Eukaryota,Bacillariophyta,Bacillariophyceae,,,,
OTU_565,9,0.986438,96,Bacteria,Proteobacteria,Gammaproteobacteria,Pseudomonadales,,,
OTU_819,4,0.986269,96,Bacteria,Proteobacteria,Gammaproteobacteria,Pseudomonadales,,,
OTU_973,2,0.986367,96,Bacteria,Proteobacteria,Gammaproteobacteria,,,,
OTU_570,2,0.937958,95.9184,Bacteria,Proteobacteria,Alphaproteobacteria,,,,
OTU_265,20,0.985941,95.7895,Bacteria,Proteobacteria,Gammaproteobacteria,,,,
OTU_497,2,0.971337,95.5056,Bacteria,Proteobacteria,Gammaproteobacteria,Pseudomonadales,,,
OTU_43,13172,0.976084,95.4545,Eukaryota,Porifera,Demospongiae,,,,
OTU_585,48,0.973772,95.4545,Eukaryota,Porifera,Demospongiae,,,,
OTU_811,3,0.961866,95.4023,Bacteria,Proteobacteria,Alphaproteobacteria,Rhodobacterales,Rhodobacteraceae,,
OTU_876,3,0.979098,95.4023,Bacteria,Entotheonellaeota,Entotheonellia,Entotheonellales,Entotheonellaceae,Candidatus Entotheonella,
OTU_210,22,0.985549,95.3488,Bacteria,Entotheonellaeota,Entotheonellia,Entotheonellales,Entotheonellaceae,Candidatus Entotheonella,
OTU_237,5,0.974082,95.3488,Bacteria,Proteobacteria,Gammaproteobacteria,Legionellales,Coxiellaceae,Coxiella,
OTU_469,3,0.985552,95.3488,Bacteria,Verrucomicrobia,Verrucomicrobiae,Pedosphaerales,Pedosphaeraceae,,
OTU_521,2,0.985382,95.3488,Bacteria,Entotheonellaeota,Entotheonellia,Entotheonellales,Entotheonellaceae,Candidatus Entotheonella,
OTU_851,2,0.985892,95.3488,Bacteria,,,,,,
OTU_477,19,0.9862,95.3271,Bacteria,Planctomycetes,Planctomycetia,Pirellulales,Pirellulaceae,,
OTU_907,3,0.975372,95.3271,Bacteria,Proteobacteria,Alphaproteobacteria,Rhodobacterales,Rhodobacteraceae,,
OTU_528,12,0.97307,95.283,Bacteria,Nitrospirae,Nitrospiria,Nitrospirales,Nitrospiraceae,Nitrospira,
OTU_510,11,0.988584,95.2756,Eukaryota,Bacillariophyta,Bacillariophyceae,,,,
OTU_754,7,0.976679,95.2756,Eukaryota,Bacillariophyta,Bacillariophyceae,,,,
OTU_813,2,0.988525,95.2756,Eukaryota,Chrysophyta,Chrysophyceae,Chromulinales,Chromulinaceae,Chrysoxys,
OTU_191,19,0.988758,95.2381,Eukaryota,,,,,,
OTU_207,24,0.977462,95.2381,Bacteria,Acidobacteriota,Thermoanaerobaculia,Thermoanaerobaculales,Thermoanaerobaculaceae,Subgroup 10,
OTU_293,33,0.971784,95.2381,Bacteria,Proteobacteria,Alphaproteobacteria,,,,
OTU_303,4,0.981138,95.2381,Bacteria,Proteobacteria,Alphaproteobacteria,,,,
OTU_368,8,0.985562,95.2381,Bacteria,Acidobacteriota,Thermoanaerobaculia,Thermoanaerobaculales,Thermoanaerobaculaceae,Subgroup 10,
OTU_387,5,0.98556,95.2381,Bacteria,Planctomycetes,OM190,,,,
OTU_429,4,0.985828,95.2381,Bacteria,Acidobacteriota,Thermoanaerobaculia,Thermoanaerobaculales,Thermoanaerobaculaceae,Subgroup 10,
OTU_576,5,0.957556,95.2381,Bacteria,Proteobacteria,Deltaproteobacteria,Myxococcales,Polyangiaceae,,
OTU_588,4,0.978211,95.2381,Bacteria,Proteobacteria,Alphaproteobacteria,,,,
OTU_791,2,0.96615,95.2381,Bacteria,Proteobacteria,Gammaproteobacteria,,,,
OTU_926,3,0.978908,95.2381,Bacteria,Planctomycetes,Planctomycetia,Pirellulales,Pirellulaceae,Rhodopirellula,
OTU_992,2,0.985088,95.2381,Bacteria,Acidobacteriota,Thermoanaerobaculia,Thermoanaerobaculales,Thermoanaerobaculaceae,Subgroup 10,
OTU_392,4,0.967286,95.2,Eukaryota,Bacillariophyta,Bacillariophyceae,,,,
OTU_657,3,0.974953,95.2,Eukaryota,Chordata,Ascidiacea,,,,
OTU_208,9,0.9764,95.1923,Eukaryota,Ciliophora,Litostomatea,,,,
OTU_253,27,0.986454,95.1923,Bacteria,Proteobacteria,Alphaproteobacteria,,,,
OTU_311,7,0.981015,95.1923,Bacteria,Actinobacteriota,Acidimicrobiia,Actinomarinales,uncultured,,
OTU_220,11,0.985818,95.1807,Bacteria,Acidobacteriota,Thermoanaerobaculia,Thermoanaerobaculales,Thermoanaerobaculaceae,Subgroup 10,
OTU_128,26,0.986566,95.1456,Bacteria,Proteobacteria,Gammaproteobacteria,,,,
OTU_394,6,0.923418,95.1456,Bacteria,Proteobacteria,Gammaproteobacteria,,,,
OTU_513,3,0.968574,95.1456,Bacteria,NB1-j,,,,,
OTU_538,2,0.986489,95.1456,Bacteria,Proteobacteria,Alphaproteobacteria,,,,
OTU_629,3,0.986252,95.1456,Bacteria,Proteobacteria,Gammaproteobacteria,Enterobacterales,Morganellaceae,Candidatus Hamiltonella,
OTU_787,7,0.98542,95.1456,Bacteria,Planctomycetes,Planctomycetia,Planctomycetales,Rubinisphaeraceae,,
OTU_790,3,0.98531,95.1456,Bacteria,NB1-j,,,,,
OTU_794,2,0.986285,95.1456,Bacteria,Proteobacteria,Alphaproteobacteria,,,,
OTU_807,2,0.971419,95.1456,Bacteria,Proteobacteria,Alphaproteobacteria,,,,
OTU_831,5,0.986344,95.1456,Bacteria,Proteobacteria,Gammaproteobacteria,,,,
OTU_913,4,0.986482,95.1456,Bacteria,Proteobacteria,Alphaproteobacteria,,,,
OTU_969,2,0.984996,95.1456,Bacteria,Planctomycetes,OM190,,,,
OTU_459,3,0.968631,95.1219,Bacteria,Acidobacteriota,Subgroup 22,,,,
OTU_567,3,0.986561,95.098,Bacteria,Proteobacteria,Alphaproteobacteria,,,,
OTU_762,2,0.953587,95.098,Bacteria,Proteobacteria,Gammaproteobacteria,,,,
OTU_923,3,0.9849,95.098,Bacteria,Acidobacteriota,Subgroup 22,,,,
OTU_993,2,0.963479,95.098,Bacteria,Acidobacteriota,Subgroup 22,,,,
OTU_462,3,0.970705,94.898,Bacteria,Proteobacteria,Gammaproteobacteria,,,,
OTU_999,4,0.988638,94.697,Eukaryota,Porifera,Demospongiae,Clionaida,,,
OTU_418,3,0.975302,94.6903,Eukaryota,Euglenozoa,Kinetoplastea,Neobodonida,Neobodonidae,Neobodo,
OTU_83,145,0.971431,94.5736,Eukaryota,Chlorophyta,Trebouxiophyceae,,,,
OTU_942,2,0.981801,94.4882,Eukaryota,Bacillariophyta,,,,,
OTU_684,6,0.977438,94.4444,Eukaryota,,,,,,
OTU_170,11,0.932541,94.3925,Bacteria,Proteobacteria,Alphaproteobacteria,Rhizobiales,Methyloligellaceae,,
OTU_498,7,0.941685,94.3925,Bacteria,Proteobacteria,Alphaproteobacteria,,,,
OTU_360,17,0.986049,94.3396,Bacteria,Planctomycetes,Planctomycetia,Pirellulales,Pirellulaceae,,
OTU_490,4,0.985837,94.3396,Bacteria,Acidobacteriota,Thermoanaerobaculia,Thermoanaerobaculales,Thermoanaerobaculaceae,Subgroup 10,
OTU_663,2,0.979315,94.3396,Unclassified,,,,,,
OTU_801,3,0.97198,94.3396,Bacteria,Nitrospirae,Nitrospiria,Nitrospirales,Nitrospiraceae,Nitrospira,
OTU_78,123,0.966344,94.2857,Bacteria,,,,,,
OTU_292,9,0.986095,94.2857,Bacteria,Planctomycetes,Planctomycetia,Pirellulales,Pirellulaceae,,
OTU_345,11,0.955865,94.2857,Bacteria,Proteobacteria,Alphaproteobacteria,Rhodobacterales,Rhodobacteraceae,,
OTU_430,3,0.973158,94.2857,Bacteria,Proteobacteria,Alphaproteobacteria,,,,
OTU_504,2,0.9717,94.2857,Bacteria,Planctomycetes,,,,,
OTU_640,4,0.965167,94.2857,Bacteria,,,,,,
OTU_686,2,0.960888,94.2857,Bacteria,Proteobacteria,Alphaproteobacteria,,,,
OTU_891,2,0.969576,94.2857,Bacteria,Acidobacteriota,Thermoanaerobaculia,Thermoanaerobaculales,Thermoanaerobaculaceae,Subgroup 10,
OTU_909,2,0.974175,94.2857,Bacteria,Proteobacteria,Deltaproteobacteria,Myxococcales,Polyangiaceae,BIrii41,
OTU_816,2,0.985786,94.2529,Unclassified,,,,,,
OTU_608,2,0.968892,94.2308,Eukaryota,Ciliophora,Litostomatea,,,,
OTU_1000,4,0.963772,94.2308,Bacteria,Proteobacteria,Alphaproteobacteria,,,,
OTU_147,54,0.932272,94.1748,Bacteria,Proteobacteria,Alphaproteobacteria,,,,
OTU_222,9,0.97877,94.1748,Bacteria,Proteobacteria,Gammaproteobacteria,,,,
OTU_246,12,0.920976,94.1748,Bacteria,Proteobacteria,Gammaproteobacteria,Pseudomonadales,,,
OTU_247,18,0.974972,94.1748,Bacteria,Planctomycetes,OM190,,,,
OTU_276,15,0.985957,94.1748,Bacteria,Proteobacteria,Alphaproteobacteria,Caulobacterales,Parvularculaceae,,
OTU_375,9,0.970164,94.1748,Bacteria,NB1-j,,,,,
OTU_382,5,0.969481,94.1748,Bacteria,,,,,,
OTU_389,8,0.97791,94.1748,Bacteria,,,,,,
OTU_391,8,0.985426,94.1748,Bacteria,Proteobacteria,Oligoflexia,Bdellovibrionales,Bdellovibrionaceae,OM27 clade,
OTU_405,3,0.98055,94.1748,Bacteria,Proteobacteria,Alphaproteobacteria,Rhodobacterales,Rhodobacteraceae,uncultured,
OTU_414,4,0.98635,94.1748,Bacteria,Proteobacteria,Gammaproteobacteria,,,,
OTU_417,3,0.97517,94.1748,Unclassified,,,,,,
OTU_536,7,0.985515,94.1748,Bacteria,Gemmatimonadota,BD2-11 terrestrial group,,,,
OTU_586,2,0.909759,94.1748,Bacteria,Proteobacteria,Alphaproteobacteria,Rhizobiales,Rhizobiaceae,,
OTU_609,6,0.932444,94.1748,Bacteria,Proteobacteria,Alphaproteobacteria,,,,
OTU_658,2,0.986376,94.1748,Bacteria,Proteobacteria,Alphaproteobacteria,,,,
OTU_703,3,0.986318,94.1748,Bacteria,Proteobacteria,Alphaproteobacteria,,,,
OTU_705,8,0.970797,94.1748,Bacteria,Proteobacteria,Gammaproteobacteria,,,,
OTU_739,3,0.970806,94.1748,Bacteria,,,,,,
OTU_777,2,0.951261,94.1748,Bacteria,Proteobacteria,Alphaproteobacteria,Parvibaculales,Parvibaculaceae,Mf105b01,
OTU_848,2,0.974635,94.1748,Bacteria,Proteobacteria,Deltaproteobacteria,Myxococcales,Myxococcaceae,P3OB-42,
OTU_872,5,0.940388,94.1748,Bacteria,Proteobacteria,Alphaproteobacteria,Rhodospirillales,Acetobacteraceae,,
OTU_908,2,0.960702,94.1748,Bacteria,Proteobacteria,AT-s3-44,,,,
OTU_953,2,0.931553,94.1748,Bacteria,Proteobacteria,Alphaproteobacteria,,,,
OTU_984,2,0.985305,94.1748,Bacteria,NB1-j,,,,,
OTU_1004,2,0.986252,94.1748,Bacteria,Proteobacteria,Alphaproteobacteria,,,,
OTU_236,9,0.962197,94.1667,Eukaryota,Ciliophora,Spirotrichea,Sporadotrichida,Oxytrichidae, ,
OTU_554,2,0.950238,94.0594,Bacteria,Proteobacteria,Deltaproteobacteria,Myxococcales,Kofleriaceae,Haliangium,
OTU_597,3,0.985818,94.0476,Bacteria,Acidobacteriota,Vicinamibacteria,Subgroup 17,,,
OTU_798,4,0.970796,94,Bacteria,Proteobacteria,Alphaproteobacteria,,,,
OTU_965,2,0.986085,94,Bacteria,Proteobacteria,Gammaproteobacteria,Legionellales,Coxiellaceae,Aquicella,
OTU_707,3,0.974456,93.9759,Bacteria,Acidobacteriota,Thermoanaerobaculia,Thermoanaerobaculales,Thermoanaerobaculaceae,Subgroup 10,
OTU_144,18,0.969279,93.9394,Unclassified,,,,,,
OTU_175,364,0.975291,93.9394,Unclassified,,,,,,
OTU_428,55,0.977233,93.9394,Unclassified,,,,,,
OTU_518,61,0.936814,93.9394,Unclassified,,,,,,
OTU_553,42,0.957705,93.9394,Unclassified,,,,,,
OTU_759,9,0.962455,93.9394,Unclassified,,,,,,
OTU_606,2,0.934386,93.913,Eukaryota,Euglenozoa,Kinetoplastea,Neobodonida,Neobodonidae,Neobodo,
OTU_190,49,0.949118,93.8776,Unclassified,,,,,,
OTU_79,50,0.980825,93.8462,Unclassified,,,,,,
OTU_57,78,0.972554,93.7984,Unclassified,,,,,,
OTU_262,7,0.935972,93.7984,Unclassified,,,,,,
OTU_667,2,0.956308,93.7008,Eukaryota,Bacillariophyta,Coscinodiscophyceae,Melosirales,Hyalodiscaceae,Hyalodiscus,
OTU_230,14,0.985775,93.617,Bacteria,Proteobacteria,Alphaproteobacteria,Caulobacterales,Hyphomonadaceae,uncultured,
OTU_901,2,0.91779,93.5185,Bacteria,Proteobacteria,Alphaproteobacteria,,,,
OTU_211,35,0.95327,93.4579,Eukaryota,Ciliophora,Oligohymenophorea,,,,
OTU_610,2,0.948407,93.3962,Bacteria,Planctomycetes,Planctomycetia,Pirellulales,Pirellulaceae,Blastopirellula,
OTU_704,10,0.957696,93.3962,Unclassified,,,,,,
OTU_217,21,0.969369,93.3333,Bacteria,Acidobacteriota,Subgroup 26,,,,
OTU_268,7,0.985793,93.3333,Bacteria,Acidobacteriota,Thermoanaerobaculia,Thermoanaerobaculales,Thermoanaerobaculaceae,Subgroup 10,
OTU_283,6,0.985666,93.3333,Bacteria,Acidobacteriota,Thermoanaerobaculia,Thermoanaerobaculales,Thermoanaerobaculaceae,Subgroup 10,
OTU_304,27,0.98609,93.3333,Bacteria,Acidobacteriota,Vicinamibacteria,Subgroup 9,,,
OTU_420,7,0.91915,93.3333,Bacteria,Proteobacteria,Gammaproteobacteria,HOC36,,,
OTU_572,4,0.949965,93.3333,Bacteria,Proteobacteria,Alphaproteobacteria,,,,
OTU_602,2,0.985833,93.3333,Bacteria,Planctomycetes,Planctomycetia,Pirellulales,Pirellulaceae,,
OTU_822,2,0.985908,93.3333,Bacteria,Acidobacteriota,Thermoanaerobaculia,Thermoanaerobaculales,Thermoanaerobaculaceae,Subgroup 10,
OTU_858,3,0.98578,93.3333,Bacteria,Planctomycetes,Planctomycetia,Pirellulales,Pirellulaceae,,
OTU_865,3,0.985699,93.3333,Bacteria,Planctomycetes,Planctomycetia,Pirellulales,Pirellulaceae,,
OTU_924,2,0.912512,93.3333,Unclassified,,,,,,
OTU_95,30,0.936412,93.2836,Unclassified,,,,,,
OTU_343,9,0.959207,93.2692,Bacteria,Dependentiae,Babeliae,Babeliales,UBA12409,,
OTU_842,2,0.974611,93.2692,Eukaryota,Ciliophora,Litostomatea,Haptoria,,,
OTU_997,3,0.964639,93.2692,Unclassified,,,,,,
OTU_421,20,0.9686,93.2203,Unclassified,,,,,,
OTU_599,6,0.967669,93.2203,Eukaryota,Ciliophora,Spirotrichea,Stichotrichida,Apogastrostyla,Apogastrostyla,
OTU_29,934,0.941827,93.2039,Bacteria,Proteobacteria,Alphaproteobacteria,,,,
OTU_138,56,0.946927,93.2039,Bacteria,Proteobacteria,Alphaproteobacteria,Rhodobacterales,Rhodobacteraceae,,
OTU_204,22,0.974395,93.2039,Unclassified,,,,,,
OTU_225,24,0.985521,93.2039,Bacteria,Acidobacteriota,Acidobacteriae,PAUC26f,,,
OTU_287,14,0.920731,93.2039,Bacteria,Proteobacteria,Alphaproteobacteria,,,,
OTU_350,13,0.923941,93.2039,Bacteria,Proteobacteria,Alphaproteobacteria,uncultured,,,
OTU_408,5,0.949288,93.2039,Unclassified,,,,,,
OTU_533,2,0.939634,93.2039,Bacteria,Proteobacteria,,,,,
OTU_544,2,0.985911,93.2039,Bacteria,Planctomycetes,Planctomycetia,Pirellulales,Pirellulaceae,,
OTU_561,2,0.958281,93.2039,Bacteria,Proteobacteria,Gammaproteobacteria,Diplorickettsiales,Diplorickettsiaceae,Aquicella,
OTU_595,7,0.940462,93.2039,Bacteria,Proteobacteria,Alphaproteobacteria,,,,
OTU_628,3,0.978021,93.2039,Bacteria,Planctomycetes,OM190,,,,
OTU_697,2,0.945127,93.2039,Bacteria,Campylobacterota,Campylobacteria,Campylobacterales,Thiovulaceae,Sulfurimonas,
OTU_731,2,0.948675,93.2039,Bacteria,Proteobacteria,Gammaproteobacteria,Diplorickettsiales,Diplorickettsiaceae,Aquicella,
OTU_743,14,0.960812,93.2039,Bacteria,Planctomycetes,Planctomycetia,Pirellulales,Pirellulaceae,uncultured,
OTU_765,3,0.956136,93.2039,Unclassified,,,,,,
OTU_788,3,0.88835,93.2039,Bacteria,Proteobacteria,Gammaproteobacteria,Pseudomonadales,KI89A clade,,
OTU_854,2,0.966192,93.2039,Bacteria,Proteobacteria,Gammaproteobacteria,,,,
OTU_874,2,0.985356,93.2039,Bacteria,Verrucomicrobia,Verrucomicrobiae,Verrucomicrobiales,Verrucomicrobia subdivision 3,Pedosphaera,
OTU_976,2,0.943021,93.1373,Unclassified,,,,,,
OTU_34,463,0.965378,93.0769,Eukaryota,Annelida,Polychaeta,Scolecida,,,
OTU_22,535,0.960123,93.0233,Unclassified,,,,,,
OTU_356,5,0.961194,93.0233,Unclassified,,,,,,
OTU_709,2,0.975826,93.0233,Eukaryota,Porifera,Calcarea,Clathrinida,,,
OTU_799,2,0.985668,93.0233,Bacteria,Planctomycetes,Planctomycetia,Pirellulales,Pirellulaceae,,
OTU_702,7,0.930028,93,Bacteria,Proteobacteria,Alphaproteobacteria,,,,
OTU_936,2,0.971245,93,Bacteria,Proteobacteria,Deltaproteobacteria,Myxococcales,Nannocystaceae,,
OTU_958,2,0.95439,92.9688,Eukaryota,Dinoflagellata,Dinophyceae,Syndiniales,Amoebophryaceae,Amoebophrya,
OTU_635,3,0.976646,92.9134,Eukaryota,Bacillariophyta,Bacillariophyceae,,,,
OTU_733,3,0.974574,92.9134,Eukaryota,Bacillariophyta,Bacillariophyceae,,,,
OTU_456,2,0.958988,92.8571,Eukaryota,Dinoflagellata,Dinophyceae,Gymnodiniales,Polykrikaceae,Polykrikos,
OTU_624,2,0.975272,92.8571,Eukaryota,Bacillariophyta,Bacillariophyceae,,,,
OTU_833,2,0.971389,92.8571,Bacteria,Planctomycetes,Pla3 lineage,,,,
OTU_867,2,0.964765,92.8571,Bacteria,Planctomycetes,Pla3 lineage,,,,
OTU_1017,2,0.965438,92.8571,Eukaryota,,,,,,
OTU_125,36,0.974676,92.5,Eukaryota,Ciliophora,Spirotrichea,Stichotrichida,Amphisiellidae,Amphisiella,
OTU_21,445,0.953139,92.4812,Eukaryota,Annelida,Polychaeta,,,,
OTU_168,18,0.952066,92.4812,Eukaryota,Annelida,,,,,
OTU_172,19,0.969427,92.4812,Eukaryota,,,,,,
OTU_517,3,0.973121,92.4528,Unclassified,,,,,,
OTU_846,3,0.971279,92.4528,Bacteria,Planctomycetes,Phycisphaerae,CCM11a,,,
OTU_692,7,0.970477,92.4242,Unclassified,,,,,,
OTU_59,63,0.979655,92.381,Unclassified,,,,,,
OTU_102,102,0.985719,92.381,Bacteria,Acidobacteriota,Thermoanaerobaculia,Thermoanaerobaculales,Thermoanaerobaculaceae,,
OTU_111,19,0.920917,92.381,Unclassified,,,,,,
OTU_166,19,0.978132,92.381,Bacteria,NB1-j,,,,,
OTU_481,3,0.953466,92.381,Bacteria,Planctomycetes,Planctomycetia,Pirellulales,Pirellulaceae,,
OTU_569,3,0.986039,92.381,Bacteria,Planctomycetes,Planctomycetia,Pirellulales,Pirellulaceae,Rhodopirellula,
OTU_622,4,0.970839,92.381,Unclassified,,,,,,
OTU_664,4,0.985606,92.381,Bacteria,Planctomycetes,Planctomycetia,Pirellulales,Pirellulaceae,,
OTU_853,4,0.970293,92.381,Unclassified,,,,,,
OTU_1008,4,0.985972,92.381,Bacteria,Planctomycetes,Planctomycetia,Pirellulales,Pirellulaceae,Pirellula,
OTU_1014,2,0.985735,92.381,Unclassified,,,,,,
OTU_689,2,0.95303,92.3729,Eukaryota,Ciliophora,Spirotrichea,,,,
OTU_98,43,0.962733,92.3077,Unclassified,,,,,,
OTU_342,5,0.978365,92.3077,Eukaryota,Chlorophyta,Chlorodendrophyceae,Chlorodendrales,Chlorodendraceae,Tetraselmis,
OTU_618,5,0.910708,92.3077,Bacteria,Proteobacteria,Alphaproteobacteria,,,,
OTU_756,10,0.969307,92.3077,Bacteria,Planctomycetes,vadinHA49,,,,
OTU_116,19,0.961159,92.2481,Eukaryota,Rhodophyta,Florideophycidae,,,,
OTU_133,32,0.970594,92.233,Bacteria,Acidobacteriota,Subgroup 26,,,,
OTU_187,17,0.964871,92.233,Bacteria,Proteobacteria,Alphaproteobacteria,,,,
OTU_248,11,0.971518,92.233,Bacteria,Acidobacteriota,Acidobacteriae,PAUC26f,,,
OTU_252,12,0.985182,92.233,Bacteria,Nitrospirae,Nitrospinia,Nitrospinales,Nitrospinaceae,Nitrospina,
OTU_298,10,0.931094,92.233,Bacteria,Proteobacteria,Alphaproteobacteria,,,,
OTU_346,11,0.985286,92.233,Bacteria,Acidobacteriota,Acidobacteriae,PAUC26f,,,
OTU_349,3,0.960371,92.233,Bacteria,Proteobacteria,Gammaproteobacteria,Legionellales,Coxiellaceae,Coxiella,
OTU_465,3,0.971735,92.233,Bacteria,Proteobacteria,Deltaproteobacteria,Myxococcales,Myxococcaceae,P3OB-42,
OTU_555,3,0.970747,92.233,Bacteria,Planctomycetes,Planctomycetia,Planctomycetales,,,
OTU_589,2,0.965811,92.233,Unclassified,,,,,,
OTU_592,3,0.977598,92.233,Bacteria,Planctomycetes,Planctomycetia,Planctomycetales,,,
OTU_845,6,0.944984,92.233,Unclassified,,,,,,
OTU_886,2,0.985645,92.233,Bacteria,Planctomycetes,Planctomycetia,Pirellulales,Pirellulaceae,Pir4 lineage,
OTU_1003,2,0.977778,92.233,Bacteria,Planctomycetes,Planctomycetia,Pirellulales,Pirellulaceae,,
OTU_715,5,0.968433,92.0635,Eukaryota,Dinoflagellata,Dinophyceae,,,,
OTU_981,2,0.969868,92,Bacteria,Proteobacteria,Deltaproteobacteria,Myxococcales,Nannocystaceae,Nannocystis,
OTU_623,2,0.966363,91.9355,Unclassified,,,,,,
OTU_140,12,0.969072,91.7293,Unclassified,,,,,,
OTU_451,7,0.966062,91.7293,Eukaryota,Porifera,Demospongiae,Clionaida,,,
OTU_403,5,0.979002,91.6667,Bacteria,Acidobacteriota,Holophagae,Acanthopleuribacterales,Acanthopleuribacteraceae,Acanthopleuribacter,
OTU_478,3,0.974436,91.6667,Bacteria,Proteobacteria,Gammaproteobacteria,Pseudomonadales,Pseudohongiellaceae,Pseudohongiella,
OTU_552,9,0.97891,91.6667,Bacteria,Acidobacteriota,Holophagae,Acanthopleuribacterales,Acanthopleuribacteraceae,Acanthopleuribacter,
OTU_1013,2,0.985497,91.6667,Bacteria,Acidobacteriota,Holophagae,Acanthopleuribacterales,Acanthopleuribacteraceae,Acanthopleuribacter,
OTU_774,2,0.975761,91.6031,Unclassified,,,,,,
OTU_1010,2,0.962885,91.5888,Unclassified,,,,,,
OTU_397,5,0.980057,91.5094,Bacteria,Planctomycetes,Planctomycetia,Pirellulales,Pirellulaceae,Blastopirellula,
OTU_945,2,0.986068,91.5094,Bacteria,Planctomycetes,Planctomycetia,Pirellulales,Pirellulaceae,,
OTU_959,2,0.98545,91.5094,Bacteria,Planctomycetes,Planctomycetia,Pirellulales,Pirellulaceae,Blastopirellula,
OTU_357,9,0.970235,91.4286,Bacteria,Planctomycetes,Planctomycetia,Pirellulales,Pirellulaceae,Blastopirellula,
OTU_402,27,0.959024,91.4286,Eukaryota,Ciliophora,Oligohymenophorea,Sessilida,Zoothamniidae,Zoothamnium,
OTU_496,2,0.985709,91.4286,Unclassified,,,,,,
OTU_579,2,0.985801,91.4286,Bacteria,Planctomycetes,Planctomycetia,Pirellulales,Pirellulaceae,,
OTU_896,2,0.96435,91.4286,Unclassified,,,,,,
OTU_882,2,0.956491,91.4062,Eukaryota,Chlorophyta,Ulvophyceae,,,,
OTU_297,8,0.984592,91.3462,Unclassified,,,,,,
OTU_699,7,0.86214,91.3462,Unclassified,,,,,,
OTU_448,9,0.907533,91.2698,Eukaryota,,,,,,
OTU_36,843,0.915979,91.2621,Unclassified,,,,,,
OTU_66,265,0.954853,91.2621,Bacteria,Proteobacteria,Gammaproteobacteria,HOC36,,,
OTU_129,18,0.932539,91.2621,Bacteria,Proteobacteria,Gammaproteobacteria,,,,
OTU_251,11,0.963451,91.2621,Bacteria,Planctomycetes,Planctomycetia,,,,
OTU_364,6,0.984782,91.2621,Bacteria,Planctomycetes,,,,,
OTU_366,9,0.939763,91.2621,Bacteria,NB1-j,,,,,
OTU_371,5,0.968522,91.2621,Bacteria,Acidobacteriota,Acidobacteriae,PAUC26f,,,
OTU_390,5,0.976186,91.2621,Bacteria,Planctomycetes,Planctomycetia,Planctomycetales,Rubinisphaeraceae,,
OTU_487,2,0.957678,91.2621,Bacteria,Proteobacteria,Oligoflexia,Bdellovibrionales,Bdellovibrionaceae,OM27 clade,
OTU_598,3,0.962211,91.2621,Bacteria,Acidobacteriota,Acidobacteriae,PAUC26f,,,
OTU_634,2,0.896601,91.2621,Unclassified,,,,,,
OTU_738,2,0.952161,91.2621,Bacteria,Proteobacteria,Gammaproteobacteria,Ga0077536,,,
OTU_802,3,0.968642,91.2621,Bacteria,Acidobacteriota,Acidobacteriae,PAUC26f,,,
OTU_837,3,0.961745,91.2621,Bacteria,NB1-j,,,,,
OTU_949,2,0.891704,91.2621,Unclassified,,,,,,
OTU_1006,2,0.961252,91.2621,Bacteria,Planctomycetes,Pla4 lineage,,,,
OTU_334,3,0.981044,91.0448,Unclassified,,,,,,
OTU_673,6,0.971365,90.9774,Unclassified,,,,,,
OTU_153,11,0.93158,90.9091,Unclassified,,,,,,
OTU_855,3,0.959691,90.9091,Unclassified,,,,,,
OTU_274,5,0.987622,90.8333,Eukaryota,Ciliophora,Spirotrichea,Sporadotrichida,Oxytrichidae,Protogastrostyla,
OTU_335,9,0.975034,90.8333,Eukaryota,Ciliophora,Spirotrichea,Sporadotrichida,Oxytrichidae,Protogastrostyla,
OTU_662,2,0.951418,90.8333,Eukaryota,Chordata,Ascidiacea,Stolidobranchia,,,
OTU_725,4,0.959001,90.8333,Unclassified,,,,,,
OTU_49,237,0.964395,90.7692,Unclassified,,,,,,
OTU_122,51,0.959972,90.7692,Unclassified,,,,,,
OTU_611,4,0.970446,90.678,Eukaryota,Ciliophora,Spirotrichea,,,,
OTU_232,10,0.899435,90.6542,Unclassified,,,,,,
OTU_348,18,0.979868,90.6542,Unclassified,,,,,,
OTU_659,2,0.978874,90.6542,Unclassified,,,,,,
OTU_537,11,0.963534,90.566,Bacteria,Planctomycetes,Planctomycetia,Pirellulales,Pirellulaceae,,
OTU_351,7,0.949865,90.5512,Unclassified,,,,,,
OTU_250,5,0.965044,90.4762,Bacteria,Planctomycetes,Planctomycetia,Pirellulales,Pirellulaceae,Blastopirellula,
OTU_277,5,0.929559,90.4762,Eukaryota,Ciliophora,Oligohymenophorea,,,,
OTU_396,7,0.985568,90.4762,Bacteria,Planctomycetes,Planctomycetia,Pirellulales,Pirellulaceae,Rhodopirellula,
OTU_682,7,0.985813,90.4762,Unclassified,,,,,,
OTU_720,3,0.956456,90.4762,Eukaryota,Dinoflagellata,Dinophyceae,Peridiniales,Protoperidiniaceae,Protoperidinium,
OTU_772,2,0.985275,90.4762,Unclassified,,,,,,
OTU_873,2,0.985707,90.4762,Unclassified,,,,,,
OTU_878,2,0.98515,90.4762,Bacteria,Planctomycetes,OM190,,,,
OTU_922,5,0.977192,90.4762,Bacteria,Planctomycetes,Planctomycetia,Pirellulales,Pirellulaceae,Pirellula,
OTU_319,18,0.963521,90.3846,Eukaryota,Ciliophora,Litostomatea,,,,
OTU_399,8,0.969948,90.3846,Eukaryota,Ciliophora,Litostomatea,,,,
OTU_401,4,0.975344,90.3846,Bacteria,Verrucomicrobia,Verrucomicrobiae,Verrucomicrobiales,DEV007,,
OTU_633,7,0.895403,90.3846,Bacteria,Proteobacteria,Alphaproteobacteria,Defluviicoccales,uncultured,,
OTU_666,2,0.969828,90.3846,Eukaryota,Ciliophora,Litostomatea,,,,
OTU_685,2,0.97107,90.3846,Bacteria,Planctomycetes,OM190,,,,
OTU_30,891,0.865917,90.2913,Unclassified,,,,,,
OTU_223,22,0.949973,90.2913,Unclassified,,,,,,
OTU_516,2,0.956664,90.2913,Bacteria,NB1-j,,,,,
OTU_613,12,0.959841,90.2913,Unclassified,,,,,,
OTU_20,959,0.965954,90.2256,Eukaryota,Porifera,Demospongiae,Clionaida,,,
OTU_269,6,0.985557,90.1961,Bacteria,Acidobacteriota,Subgroup 21,,,,
OTU_627,2,0.914214,90.1961,Unclassified,,,,,,
OTU_630,3,0.980539,90.0826,Unclassified,,,,,,
OTU_130,31,0.973656,90.0763,Unclassified,,,,,,
OTU_189,13,0.969415,90,Eukaryota,Ciliophora,Spirotrichea,Stichotrichida,Amphisiellidae,Amphisiella,
OTU_258,5,0.977539,90,Unclassified,,,,,,
OTU_482,2,0.93236,90,Unclassified,,,,,,
OTU_636,2,0.975527,90,Unclassified,,,,,,
OTU_980,4,0.955887,90,Eukaryota,Ciliophora,Spirotrichea,,,,
OTU_39,156,0.980067,89.9225,Unclassified,,,,,,
OTU_51,322,0.967176,89.9225,Eukaryota,Arthropoda,Maxillopoda,,,,
OTU_103,69,0.971126,89.9225,Unclassified,,,,,,
OTU_690,2,0.910622,89.9083,Unclassified,,,,,,
OTU_139,14,0.954077,89.7196,Eukaryota,Ciliophora,Oligohymenophorea,,,,
OTU_809,2,0.985182,89.7196,Unclassified,,,,,,
OTU_917,2,0.925615,89.7196,Eukaryota,Ciliophora,Oligohymenophorea,Sessilida,Zoothamniidae,Zoothamnopsis,
OTU_614,2,0.960053,89.6552,Unclassified,Verrucomicrobiota,Verrucomicrobiae,Opitutales,Puniceicoccaceae,Cerasicoccus,
OTU_899,3,0.943661,89.6226,Bacteria,,,,,,
OTU_104,51,0.950925,89.5238,Eukaryota,Ciliophora,Oligohymenophorea,Sessilida,Vaginicolidae,Cothurnia,
OTU_178,44,0.932835,89.5238,Eukaryota,Ciliophora,Oligohymenophorea,Sessilida,Vaginicolidae,Cothurnia,
OTU_355,4,0.9448,89.5238,Unclassified,,,,,,
OTU_425,3,0.896615,89.5238,Unclassified,,,,,,
OTU_545,2,0.985712,89.5238,Unclassified,,,,,,
OTU_626,8,0.963097,89.5238,Bacteria,Acidobacteriota,Subgroup 26,,,,
OTU_718,2,0.977765,89.5238,Unclassified,,,,,,
OTU_847,2,0.972603,89.5238,Unclassified,,,,,,
OTU_184,37,0.982949,89.4737,Unclassified,,,,,,
OTU_419,3,0.936403,89.4231,Unclassified,,,,,,
OTU_928,2,0.953325,89.4231,Bacteria,Sva0485,,,,,
OTU_324,31,0.895414,89.3204,Unclassified,,,,,,
OTU_529,6,0.923558,89.3204,Unclassified,,,,,,
OTU_591,2,0.913784,89.3204,Unclassified,,,,,,
OTU_625,6,0.954958,89.3204,Unclassified,,,,,,
OTU_726,7,0.984946,89.3204,Bacteria,Verrucomicrobia,Verrucomicrobiae,Verrucomicrobiales,DEV007,,
OTU_752,3,0.919557,89.3204,Unclassified,,,,,,
OTU_823,3,0.984877,89.3204,Bacteria,Planctomycetes,Pla4 lineage,,,,
OTU_849,4,0.969016,89.3204,Bacteria,Planctomycetes,OM190,,,,
OTU_898,2,0.971919,89.3204,Unclassified,,,,,,
OTU_921,2,0.985024,89.3204,Bacteria,Planctomycetes,Planctomycetia,Planctomycetales,Gimesiaceae,uncultured,
OTU_985,2,0.975193,89.3204,Bacteria,Planctomycetes,Pla4 lineage,,,,
OTU_109,28,0.985277,89.2857,Bacteria,Acidobacteriota,Holophagae,Acanthopleuribacterales,Acanthopleuribacteraceae,Acanthopleuribacter,
OTU_584,2,0.969584,89.2857,Unclassified,,,,,,
OTU_989,2,0.97881,89.2857,Bacteria,Acidobacteriota,Holophagae,Acanthopleuribacterales,Acanthopleuribacteraceae,Acanthopleuribacter,
OTU_939,2,0.950282,89.2562,Unclassified,,,,,,
OTU_44,191,0.971985,89.2308,Eukaryota,Arthropoda,Maxillopoda,,,,
OTU_54,125,0.962325,89.2308,Eukaryota,Arthropoda,Maxillopoda,,,,
OTU_68,55,0.961539,89.1473,Eukaryota,Arthropoda,Maxillopoda,,,,
OTU_152,10,0.920733,89.0511,Unclassified,,,,,,
OTU_256,12,0.956205,88.8889,Eukaryota,Ciliophora,Heterotrichea,,,,
OTU_229,26,0.87208,88.785,Unclassified,,,,,,
OTU_514,2,0.929745,88.6956,Unclassified,,,,,,
OTU_902,2,0.980082,88.6792,Unclassified,,,,,,
OTU_290,4,0.927733,88.6364,Unclassified,,,,,,
OTU_40,237,0.973987,88.5714,Unclassified,,,,,,
OTU_60,209,0.951655,88.5714,Eukaryota,Ciliophora,Oligohymenophorea,Sessilida,Vaginicolidae,Cothurnia,
OTU_213,7,0.970292,88.5714,Unclassified,,,,,,
OTU_432,3,0.955119,88.5714,Unclassified,,,,,,
OTU_450,4,0.947533,88.5714,Unclassified,,,,,,
OTU_550,4,0.978719,88.5714,Unclassified,,,,,,
OTU_730,2,0.985058,88.5714,Bacteria,Planctomycetes,OM190,,,,
OTU_797,4,0.898877,88.5714,Unclassified,,,,,,
OTU_880,3,0.985668,88.5714,Bacteria,Acidobacteriota,Subgroup 22,,,,
OTU_885,2,0.96991,88.5714,Bacteria,Kiritimatiellaeota ,Kiritimatiellae,WCHB1-41,,,
OTU_90,31,0.96543,88.4615,Unclassified,,,,,,
OTU_188,19,0.915257,88.4615,Bacteria,Campylobacterota,Campylobacteria,Campylobacterales,Sulfurimonadaceae,Sulfurimonas,
OTU_535,2,0.977542,88.4615,Unclassified,,,,,,
OTU_893,5,0.970853,88.4615,Bacteria,Verrucomicrobia,Verrucomicrobiae,Verrucomicrobiales,DEV007,,
OTU_55,328,0.9303,88.3495,Bacteria,Dadabacteria,Dadabacteriia,Dadabacteriales,,,
OTU_409,11,0.961992,88.3495,Bacteria,SAR324 clade(Marine group B),,,,,
OTU_503,3,0.967836,88.3495,Bacteria,Proteobacteria,Gammaproteobacteria,Legionellales,Coxiellaceae,Aquicella,
OTU_556,2,0.979447,88.3495,Unclassified,,,,,,
OTU_603,2,0.98455,88.3495,Bacteria,Planctomycetes,,,,,
OTU_621,4,0.97483,88.3495,Unclassified,,,,,,
OTU_818,4,0.969604,88.3495,Unclassified,,,,,,
OTU_971,2,0.9539,88.3495,Bacteria,Planctomycetes,OM190,,,,
OTU_93,63,0.966242,88.3333,Unclassified,,,,,,
OTU_162,20,0.926904,88.3333,Eukaryota,Ciliophora,Spirotrichea,Urostylida,Pseudokeronopsidae,Apokeronopsis,
OTU_559,2,0.976561,88.0952,Unclassified,,,,,,
OTU_577,2,0.976048,88.0952,Bacteria,Verrucomicrobia,Verrucomicrobiae,Verrucomicrobiales,Rubritaleaceae,,
OTU_741,4,0.916546,88.0952,Eukaryota,Myzozoa,Dinophyceae,Syndiniales,,,
OTU_238,11,0.845349,88.0734,Unclassified,,,,,,
OTU_307,7,0.921027,88.0597,Unclassified,,,,,,
OTU_24,394,0.960825,87.8788,Unclassified,,,,,,
OTU_160,15,0.956662,87.8788,Eukaryota,Porifera,Demospongiae,Suberitida,,,
OTU_134,31,0.975301,87.7863,Unclassified,,,,,,
OTU_541,5,0.953534,87.7358,Unclassified,,,,,,
OTU_605,2,0.894939,87.7193,Unclassified,,,,,,
OTU_318,9,0.96711,87.7049,Eukaryota,Ciliophora,Spirotrichea,,,,
OTU_135,30,0.964155,87.6923,Unclassified,,,,,,
OTU_815,3,0.955739,87.6923,Unclassified,,,,,,
OTU_310,14,0.962354,87.619,Bacteria,Acidobacteriota,Subgroup 21,,,,
OTU_688,6,0.939303,87.619,Bacteria,Acidobacteriota,Subgroup 21,,,,
OTU_915,2,0.977152,87.619,Bacteria,Verrucomicrobia,Verrucomicrobiae,Verrucomicrobiales,DEV007,,
OTU_444,4,0.946239,87.5,Unclassified,,,,,,
OTU_560,2,0.969045,87.5,Unclassified,,,,,,
OTU_877,2,0.970545,87.5,Unclassified,,,,,,
OTU_527,2,0.938166,87.3786,Unclassified,,,,,,
OTU_728,2,0.923782,87.3786,Bacteria,Planctomycetes,Planctomycetia,Pirellulales,Pirellulaceae,Rhodopirellula,
OTU_118,39,0.873215,87.3134,Unclassified,,,,,,
OTU_121,29,0.988152,87.3134,Unclassified,,,,,,
OTU_983,2,0.967748,87.2549,Unclassified,,,,,,
OTU_42,191,0.969657,87.218,Unclassified,,,,,,
OTU_16,1737,0.970152,87.1212,Unclassified,,,,,,
OTU_466,3,0.942153,87.1212,Unclassified,,,,,,
OTU_844,2,0.93941,87.1212,Unclassified,,,,,,
OTU_157,17,0.965006,87.0229,Unclassified,,,,,,
OTU_502,5,0.955065,87.0229,Eukaryota,Cnidaria,Hydrozoa,Anthoathecata,,,
OTU_400,3,0.862449,86.9919,Eukaryota,Ciliophora,Spirotrichea,Euplotida,Uronychiidae,Uronychia,
OTU_271,6,0.971563,86.9231,Unclassified,,,,,,
OTU_445,2,0.97922,86.9159,Unclassified,,,,,,
OTU_531,5,0.961476,86.9159,Unclassified,,,,,,
OTU_581,4,0.961671,86.9159,Bacteria,Verrucomicrobiota,Lentisphaeria,Victivallales,Arctic95B-14,,
OTU_763,4,0.971299,86.9159,Unclassified,,,,,,
OTU_912,2,0.977833,86.9048,Unclassified,,,,,,
OTU_820,4,0.763709,86.8421,Bacteria,Proteobacteria,Gammaproteobacteria,Pseudomonadales,KI89A clade,,
OTU_546,4,0.939058,86.7924,Unclassified,,,,,,
OTU_114,68,0.877325,86.6667,Unclassified,,,,,,
OTU_661,7,0.942161,86.6667,Eukaryota,Ciliophora,Oligohymenophorea,Sessilida,Vaginicolidae,Cothurnia,
OTU_674,2,0.943721,86.6667,Unclassified,,,,,,
OTU_294,6,0.819582,86.6071,Bacteria,Proteobacteria,Gammaproteobacteria,Pseudomonadales,,,
OTU_455,7,0.978803,86.6071,Unclassified,,,,,,
OTU_557,2,0.841174,86.5672,Unclassified,,,,,,
OTU_748,4,0.975054,86.5385,Unclassified,,,,,,
OTU_519,2,0.952595,86.4662,Unclassified,,,,,,
OTU_746,7,0.961408,86.4583,Unclassified,,,,,,
OTU_328,5,0.930395,86.4407,Unclassified,,,,,,
OTU_327,36,0.792907,86.4078,Unclassified,,,,,,
OTU_388,11,0.975335,86.4078,Bacteria,Planctomycetes,,,,,
OTU_507,3,0.953751,86.4078,Bacteria,Planctomycetes,Pla4 lineage,,,,
OTU_648,2,0.930217,86.4078,Unclassified,,,,,,
OTU_947,2,0.969485,86.4078,Bacteria,Planctomycetes,OM190,,,,
OTU_493,2,0.888839,86.4,Unclassified,,,,,,
OTU_722,3,0.949099,86.3636,Unclassified,,,,,,
OTU_841,2,0.931701,86.3248,Unclassified,,,,,,
OTU_25,374,0.973704,86.2595,Unclassified,,,,,,
OTU_764,2,0.981107,86.1538,Unclassified,,,,,,
OTU_525,2,0.943656,86.0656,Eukaryota,Ciliophora,Spirotrichea,,,,
OTU_280,4,0.980958,86.0465,Unclassified,,,,,,
OTU_931,2,0.942701,86.0465,Eukaryota,Choanoflagellata,Choanoflagellida,Acanthoecida,Acanthoecidae,,
OTU_932,2,0.97391,86.0465,Unclassified,,,,,,
OTU_372,3,0.985144,85.9813,Unclassified,,,,,,
OTU_339,9,0.924702,85.9504,Unclassified,,,,,,
OTU_75,41,0.966889,85.9259,Unclassified,,,,,,
OTU_747,2,0.958585,85.8974,Unclassified,,,,,,
OTU_812,2,0.96382,85.8333,Unclassified,,,,,,
OTU_123,28,0.980259,85.8156,Unclassified,,,,,,
OTU_47,120,0.843536,85.7143,Unclassified,,,,,,
OTU_132,14,0.963817,85.7143,Unclassified,,,,,,
OTU_171,9,0.881252,85.7143,Eukaryota,Ciliophora,Phyllopharyngea,Dysteriida,Dysteriidae,Dysteria,
OTU_616,3,0.960195,85.7143,Unclassified,,,,,,
OTU_656,4,0.881642,85.7143,Unclassified,,,,,,
OTU_701,2,0.933394,85.7143,Unclassified,,,,,,
OTU_483,2,0.935343,85.5769,Unclassified,,,,,,
OTU_508,3,0.916696,85.5769,Unclassified,,,,,,
OTU_491,10,0.981196,85.4962,Unclassified,,,,,,
OTU_804,3,0.839912,85.4962,Unclassified,,,,,,
OTU_53,373,0.836221,85.4369,Unclassified,,,,,,
OTU_551,2,0.95063,85.3933,Bacteria,NB1-j,,,,,
OTU_476,4,0.95074,85.1562,Unclassified,,,,,,
OTU_785,2,0.929182,85.1562,Unclassified,,,,,,
OTU_100,42,0.920471,85.0877,Unclassified,,,,,,
OTU_72,43,0.940606,85.0746,Unclassified,,,,,,
OTU_716,8,0.935528,85.0467,Bacteria,Lentisphaerae,Lentisphaeria,Victivallales,Arctic95B-14,,
OTU_962,2,0.953601,85.0467,Bacteria,Dependentiae,Babeliae,Babeliales,UBA12409,,
OTU_282,4,0.970213,85,Eukaryota,Ciliophora,Spirotrichea,Tintinnida,Tintinnidae,Eutintinnus,
OTU_85,34,0.943744,84.9624,Unclassified,,,,,,
OTU_353,3,0.947192,84.9557,Unclassified,,,,,,
OTU_336,3,0.923277,84.9206,Unclassified,,,,,,
OTU_786,3,0.970929,84.9057,Bacteria,,,,,,
OTU_956,3,0.964339,84.9057,Unclassified,,,,,,
OTU_1015,7,0.94252,84.8485,Unclassified,,,,,,
OTU_193,9,0.950913,84.7619,Unclassified,,,,,,
OTU_436,3,0.923982,84.7619,Unclassified,,,,,,
OTU_732,2,0.964724,84.7619,Unclassified,,,,,,
OTU_9,1823,0.947688,84.7328,Unclassified,,,,,,
OTU_952,2,0.985299,84.6154,Unclassified,,,,,,
OTU_467,2,0.882573,84.5455,Unclassified,,,,,,
OTU_323,10,0.951793,84.4444,Unclassified,,,,,,
OTU_3,19002,0.948448,84.3284,Unclassified,,,,,,
OTU_12,2276,0.957005,84.3284,Eukaryota,Annelida,Polychaeta,Phyllodocida,,,
OTU_32,378,0.950529,84.3284,Eukaryota,Kinorhyncha,Cyclorhagida,,,,
OTU_821,2,0.955946,84.3137,Unclassified,,,,,,
OTU_224,36,0.903817,84.1667,Unclassified,,,,,,
OTU_437,3,0.951189,84.1122,Unclassified,,,,,,
OTU_309,5,0.928505,84.0909,Unclassified,,,,,,
OTU_94,98,0.964799,83.9695,Unclassified,,,,,,
OTU_316,5,0.974013,83.9695,Unclassified,,,,,,
OTU_264,8,0.937583,83.8983,Unclassified,,,,,,
OTU_8,9572,0.755666,83.8095,Unclassified,,,,,,
OTU_499,3,0.969001,83.8095,Unclassified,,,,,,
OTU_578,6,0.857946,83.8095,Unclassified,,,,,,
OTU_547,2,0.947859,83.6538,Bacteria,Planctomycetes,,,,,
OTU_698,2,0.927399,83.6207,Unclassified,,,,,,
OTU_810,2,0.962096,83.6066,Unclassified,,,,,,
OTU_500,3,0.940788,83.5821,Unclassified,,,,,,
OTU_652,2,0.886413,83.5821,Unclassified,,,,,,
OTU_410,9,0.906227,83.4951,Bacteria,Proteobacteria,Alphaproteobacteria,SAR11 clade,Clade III,,
OTU_542,2,0.943723,83.4951,Bacteria,Planctomycetes,OM190,,,,
OTU_655,3,0.974546,83.4951,Unclassified,,,,,,
OTU_778,6,0.920609,83.4951,Unclassified,,,,,,
OTU_824,2,0.925519,83.4951,Unclassified,,,,,,
OTU_934,4,0.868108,83.4646,Unclassified,,,,,,
OTU_105,25,0.938971,83.4586,Unclassified,,,,,,
OTU_463,2,0.967239,83.3333,Unclassified,,,,,,
OTU_687,2,0.942683,83.3333,Unclassified,,,,,,
OTU_905,2,0.954669,83.3333,Bacteria,Planctomycetes,Pla3 lineage,,,,
OTU_88,45,0.936826,83.2061,Unclassified,,,,,,
OTU_413,3,0.939435,83.1776,Unclassified,,,,,,
OTU_800,2,0.945431,83.1776,Bacteria,Dependentiae,Babeliae,Babeliales,,,
OTU_895,3,0.912421,83.1683,Unclassified,,,,,,
OTU_174,9,0.946545,83.0769,Unclassified,,,,,,
OTU_669,2,0.954111,83.0769,Unclassified,,,,,,
OTU_825,2,0.86558,83.0189,Unclassified,,,,,,
OTU_998,2,0.871464,83.0189,Unclassified,,,,,,
OTU_159,28,0.910371,82.8571,Unclassified,,,,,,
OTU_183,69,0.740364,82.8571,Unclassified,,,,,,
OTU_337,3,0.922573,82.8571,Unclassified,,,,,,
OTU_862,2,0.95863,82.8571,Unclassified,,,,,,
OTU_515,2,0.946205,82.7068,Unclassified,,,,,,
OTU_857,3,0.954362,82.6923,Bacteria,Planctomycetes,OM190,,,,
OTU_911,2,0.927224,82.5758,Unclassified,,,,,,
OTU_58,73,0.722543,82.5688,Unclassified,,,,,,
OTU_17,530,0.963176,82.4818,Unclassified,,,,,,
OTU_505,2,0.919708,82.4,Unclassified,,,,,,
OTU_440,7,0.916729,82.243,Unclassified,,,,,,
OTU_520,2,0.958543,82.243,Unclassified,,,,,,
OTU_149,11,0.913444,82.1429,Unclassified,,,,,,
OTU_106,28,0.916169,82.0895,Unclassified,,,,,,
OTU_620,2,0.91312,82.0895,Unclassified,,,,,,
OTU_677,2,0.942244,82.0755,Unclassified,,,,,,
OTU_119,25,0.924915,81.9549,Eukaryota,Porifera,Demospongiae,Dictyoceratida,,,
OTU_141,18,0.898766,81.9549,Unclassified,,,,,,
OTU_182,14,0.941485,81.9549,Unclassified,,,,,,
OTU_192,15,0.978733,81.8182,Unclassified,,,,,,
OTU_506,2,0.904334,81.8182,Unclassified,,,,,,
OTU_843,2,0.924516,81.8182,Unclassified,,,,,,
OTU_941,3,0.863049,81.746,Unclassified,,,,,,
OTU_242,13,0.840729,81.7391,Unclassified,,,,,,
OTU_263,10,0.842583,81.7204,Unclassified,,,,,,
OTU_143,11,0.916969,81.6794,Eukaryota,Cnidaria,Hydrozoa,Anthoathecata,,,
OTU_241,5,0.793523,81.5534,Unclassified,,,,,,
OTU_863,4,0.947502,81.5534,Unclassified,,,,,,
OTU_27,380,0.81474,81.4815,Unclassified,,,,,,
OTU_331,7,0.922298,81.4159,Unclassified,,,,,,
OTU_470,3,0.801574,81.3953,Unclassified,,,,,,
OTU_76,43,0.933879,81.3433,Unclassified,,,,,,
OTU_124,28,0.951359,81.3433,Unclassified,,,,,,
OTU_817,2,0.910022,81.3433,Unclassified,,,,,,
OTU_206,43,0.879258,81.3084,Unclassified,,,,,,
OTU_5,6409,0.915536,81.203,Eukaryota,Porifera,Demospongiae,,,,
OTU_347,3,0.821677,81.203,Unclassified,,,,,,
OTU_889,2,0.880021,81.0811,Unclassified,,,,,,
OTU_63,59,0.950878,81.0606,Unclassified,,,,,,
OTU_69,148,0.955984,81.0606,Unclassified,,,,,,
OTU_260,5,0.935424,81.0606,Unclassified,,,,,,
OTU_278,7,0.929715,81.0606,Unclassified,,,,,,
OTU_796,2,0.924395,81.0219,Unclassified,,,,,,
OTU_793,2,0.953639,80.9524,Bacteria,Acidobacteriota,Holophagae,Acanthopleuribacterales,Acanthopleuribacteraceae,Acanthopleuribacter,
OTU_955,2,0.889089,80.9524,Unclassified,,,,,,
OTU_435,3,0.959732,80.916,Unclassified,,,,,,
OTU_615,2,0.937181,80.916,Unclassified,,,,,,
OTU_344,13,0.960087,80.7692,Unclassified,,,,,,
OTU_509,2,0.95158,80.6202,Unclassified,,,,,,
OTU_87,31,0.958125,80.5825,Unclassified,,,,,,
OTU_461,4,0.887577,80.5825,Unclassified,,,,,,
OTU_760,2,0.836572,80.5825,Bacteria,SAR324 clade(Marine group B),,,,,
OTU_534,2,0.93125,80.4688,Unclassified,,,,,,
OTU_737,3,0.79433,80.4511,Unclassified,,,,,,
OTU_879,2,0.91962,80.4511,Unclassified,,,,,,
OTU_647,6,0.941313,80.2817,Unclassified,,,,,,
OTU_26,578,0.961285,80.1471,Eukaryota,Bryozoa,Gymnolaemata,Ctenostomatida,,,
OTU_332,3,0.971896,80,Unclassified,,,,,,
OTU_412,3,0.942797,80,Unclassified,,,,,,
OTU_154,11,0.919201,79.8507,Eukaryota,Porifera,Demospongiae,Dictyoceratida,,,
OTU_672,4,0.912839,79.8077,Unclassified,,,,,,
OTU_894,2,0.831539,79.8077,Unclassified,,,,,,
OTU_308,4,0.911795,79.6992,Unclassified,,,,,,
OTU_549,2,0.838881,79.6117,Unclassified,,,,,,
OTU_23,645,0.968351,79.562,Unclassified,,,,,,
OTU_84,51,0.921844,79.5455,Unclassified,,,,,,
OTU_492,10,0.928539,79.5455,Unclassified,,,,,,
OTU_881,3,0.919997,79.5276,Unclassified,,,,,,
OTU_215,6,0.937975,79.4393,Unclassified,,,,,,
OTU_255,8,0.9019,79.4393,Unclassified,,,,,,
OTU_374,5,0.888167,79.3893,Unclassified,,,,,,
OTU_840,4,0.878374,79.3893,Unclassified,,,,,,
OTU_209,23,0.83388,79.3651,Unclassified,,,,,,
OTU_783,2,0.911313,79.0698,Unclassified,,,,,,
OTU_770,2,0.839712,79.0476,Unclassified,,,,,,
OTU_543,5,0.727854,78.8462,Bacteria,Planctomycetes,OM190,,,,
OTU_96,34,0.925084,78.7879,Unclassified,,,,,,
OTU_338,13,0.933001,78.7037,Unclassified,,,,,,
OTU_601,2,0.918972,78.7037,Unclassified,,,,,,
OTU_181,8,0.880249,78.6765,Unclassified,,,,,,
OTU_243,6,0.907966,78.626,Unclassified,,,,,,
OTU_381,3,0.936262,78.4483,Unclassified,,,,,,
OTU_385,4,0.928612,78.4173,Unclassified,,,,,,
OTU_358,4,0.856641,78.4,Unclassified,,,,,,
OTU_511,2,0.939338,78.2946,Eukaryota,,,,,,
OTU_31,565,0.786937,78.2609,Unclassified,,,,,,
OTU_468,2,0.94663,78.125,Unclassified,,,,,,
OTU_830,2,0.683847,78.0952,Unclassified,,,,,,
OTU_173,9,0.860607,78.0702,Unclassified,,,,,,
OTU_89,38,0.932664,77.8626,Unclassified,,,,,,
OTU_683,2,0.665436,77.7778,Unclassified,,,,,,
OTU_766,2,0.916896,77.7778,Unclassified,,,,,,
OTU_426,9,0.844049,77.6978,Unclassified,,,,,,
OTU_52,95,0.940642,77.6923,Unclassified,,,,,,
OTU_11,2962,0.887097,77.4436,Unclassified,,,,,,
OTU_645,5,0.912014,77.305,Unclassified,,,,,,
OTU_296,5,0.883106,77.2727,Unclassified,,,,,,
OTU_320,7,0.876512,77.193,Unclassified,,,,,,
OTU_48,576,0.83238,77.0992,Unclassified,,,,,,
OTU_944,3,0.882066,77.0992,Unclassified,,,,,,
OTU_273,7,0.787884,76.9841,Unclassified,,,,,,
OTU_150,30,0.92737,76.9231,Unclassified,,,,,,
OTU_642,2,0.939214,76.9231,Unclassified,,,,,,
OTU_987,2,0.883426,76.9231,Unclassified,,,,,,
OTU_120,34,0.813412,76.8657,Unclassified,,,,,,
OTU_951,4,0.947176,76.8657,Unclassified,,,,,,
OTU_966,2,0.85071,76.8519,Unclassified,,,,,,
OTU_708,3,0.93334,76.7857,Unclassified,,,,,,
OTU_254,10,0.895457,76.7442,Unclassified,,,,,,
OTU_594,2,0.773802,76.6917,Unclassified,,,,,,
OTU_117,19,0.870429,76.5152,Unclassified,,,,,,
OTU_714,6,0.955437,76.5152,Eukaryota,Chordata,Appendicularia,Copelata,Oikopleuridae,,
OTU_1016,2,0.87655,76.3158,Unclassified,,,,,,
OTU_735,5,0.769543,76.2963,Unclassified,,,,,,
OTU_199,8,0.814729,76.1538,Unclassified,,,,,,
OTU_380,9,0.875694,76.1538,Unclassified,,,,,,
OTU_156,14,0.811329,76.087,Unclassified,,,,,,
OTU_341,14,0.915858,76.0563,Unclassified,,,,,,
OTU_404,14,0.819011,75.969,Unclassified,,,,,,
OTU_717,3,0.942928,75.9259,Unclassified,,,,,,
OTU_279,4,0.876461,75.7576,Unclassified,,,,,,
OTU_808,2,0.921114,75.7576,Unclassified,,,,,,
OTU_937,3,0.887789,75.7353,Unclassified,,,,,,
OTU_422,5,0.886627,75.5725,Unclassified,,,,,,
OTU_935,2,0.882209,75.5725,Unclassified,,,,,,
OTU_681,2,0.905565,75.4098,Unclassified,,,,,,
OTU_200,18,0.951008,75.3846,Unclassified,,,,,,
OTU_257,5,0.89831,75.3731,Unclassified,,,,,,
OTU_582,5,0.846142,75.188,Unclassified,,,,,,
OTU_179,8,0.894409,75.1724,Eukaryota,Annelida,Polychaeta,Sabellida,,,
OTU_41,294,0.692816,75,Unclassified,,,,,,
OTU_489,4,0.808687,75,Unclassified,,,,,,
OTU_641,3,0.840746,75,Unclassified,,,,,,
OTU_205,29,0.916227,74.8201,Unclassified,,,,,,
OTU_446,3,0.887152,74.7967,Unclassified,,,,,,
OTU_680,2,0.882589,74.7899,Unclassified,,,,,,
OTU_861,2,0.798736,74.7664,Unclassified,,,,,,
OTU_795,4,0.890846,74.7573,Unclassified,,,,,,
OTU_176,15,0.846108,74.6269,Unclassified,,,,,,
OTU_1018,2,0.898107,74.5614,Unclassified,,,,,,
OTU_4,15890,0.887286,74.4361,Unclassified,,,,,,
OTU_946,2,0.82034,74.4361,Unclassified,,,,,,
OTU_424,3,0.805109,74.3802,Unclassified,,,,,,
OTU_723,2,0.906315,74.1071,Unclassified,,,,,,
OTU_540,6,0.905145,73.9837,Unclassified,,,,,,
OTU_522,2,0.914937,73.6842,Unclassified,,,,,,
OTU_314,4,0.879769,73.5294,Unclassified,,,,,,
OTU_975,2,0.887288,73.5294,Unclassified,,,,,,
OTU_693,3,0.855302,73.5099,Unclassified,,,,,,
OTU_56,124,0.879153,73.4848,Unclassified,,,,,,
OTU_82,144,0.829522,73.2824,Unclassified,,,,,,
OTU_757,2,0.688853,73.2824,Unclassified,,,,,,
OTU_194,28,0.817525,73.2673,Unclassified,,,,,,
OTU_146,22,0.865253,73.1343,Unclassified,,,,,,
OTU_943,2,0.913365,73.1343,Unclassified,,,,,,
OTU_495,2,0.949376,73.0435,Unclassified,,,,,,
OTU_832,3,0.949501,73.0435,Unclassified,,,,,,
OTU_74,39,0.864995,72.9927,Unclassified,,,,,,
OTU_475,2,0.825432,72.8571,Unclassified,,,,,,
OTU_512,2,0.839244,72.6562,Unclassified,,,,,,
OTU_235,10,0.859407,72.5926,Unclassified,,,,,,
OTU_940,2,0.90435,72.5807,Unclassified,,,,,,
OTU_155,16,0.91762,72.5191,Eukaryota,Euglenozoa,Diplonemea,Diplonemida,Diplonemidae,Diplonema,
OTU_691,2,0.867328,72.4138,Unclassified,,,,,,
OTU_484,4,0.745961,72.2628,Unclassified,,,,,,
OTU_33,196,0.867713,72.1805,Unclassified,,,,,,
OTU_299,4,0.852494,72.1805,Unclassified,,,,,,
OTU_925,2,0.862757,72.1805,Unclassified,,,,,,
OTU_978,2,0.823005,72.1739,Unclassified,,,,,,
OTU_771,2,0.860897,72.1429,Unclassified,,,,,,
OTU_460,7,0.824222,72.1154,Unclassified,,,,,,
OTU_573,4,0.863479,71.8519,Unclassified,,,,,,
OTU_994,2,0.89532,71.8519,Unclassified,,,,,,
OTU_596,6,0.949192,71.5517,Unclassified,,,,,,
OTU_454,2,0.786159,71.5385,Unclassified,,,,,,
OTU_632,2,0.834056,71.3115,Unclassified,,,,,,
OTU_729,2,0.782087,71.2963,Unclassified,,,,,,
OTU_18,1453,0.753666,71.028,Unclassified,,,,,,
OTU_259,10,0.860787,70.9924,Unclassified,,,,,,
OTU_566,2,0.859642,70.8955,Unclassified,,,,,,
OTU_768,4,0.883244,70.8955,Unclassified,,,,,,
OTU_869,3,0.838094,70.8955,Unclassified,,,,,,
OTU_563,2,0.674879,70.8609,Unclassified,,,,,,
OTU_675,5,0.763489,70.6767,Unclassified,,,,,,
OTU_164,9,0.879594,70.5426,Unclassified,,,,,,
OTU_888,2,0.824209,70.4545,Unclassified,,,,,,
OTU_92,86,0.873936,70.3704,Unclassified,,,,,,
OTU_148,13,0.843755,70,Unclassified,,,,,,
OTU_306,6,0.843662,69.5652,Unclassified,,,,,,
OTU_580,2,0.791673,69.5652,Unclassified,,,,,,
OTU_575,2,0.833226,69.4657,Unclassified,,,,,,
OTU_354,7,0.927683,69.4215,Unclassified,,,,,,
OTU_14,650,0.848785,69.1729,Unclassified,,,,,,
OTU_773,2,0.719172,68.75,Unclassified,,,,,,
OTU_161,21,0.745244,68.7023,Unclassified,,,,,,
OTU_186,22,0.777117,68.7023,Unclassified,,,,,,
OTU_305,8,0.792458,68.7023,Unclassified,,,,,,
OTU_377,3,0.875924,68.6567,Unclassified,,,,,,
OTU_700,3,0.714312,68.5039,Unclassified,,,,,,
OTU_900,2,0.928882,68.4615,Unclassified,,,,,,
OTU_829,2,0.929187,68.3453,Unclassified,,,,,,
OTU_91,44,0.809051,67.9389,Unclassified,,,,,,
OTU_226,6,0.884497,67.4419,Unclassified,,,,,,
OTU_212,13,0.743912,67.4074,Unclassified,,,,,,
OTU_329,12,0.767587,66.9118,Unclassified,,,,,,
OTU_452,2,0.771266,66.9118,Unclassified,,,,,,
OTU_108,35,0.632852,66.6667,Unclassified,,,,,,
OTU_920,2,0.695248,66.6667,Unclassified,,,,,,
OTU_363,3,0.77509,66.4122,Unclassified,,,,,,
OTU_769,2,0.740624,66.4122,Unclassified,,,,,,
OTU_395,3,0.756845,66.3717,Unclassified,,,,,,
OTU_671,2,0.834416,66.1157,Unclassified,,,,,,
OTU_439,2,0.841745,65.942,Unclassified,,,,,,
OTU_369,3,0.82397,65.8915,Unclassified,,,,,,
OTU_897,2,0.811836,65.8915,Unclassified,,,,,,
OTU_930,2,0.900747,65.8915,Unclassified,,,,,,
OTU_97,41,0.769042,65.7143,Unclassified,,,,,,
OTU_724,2,0.933956,65.1852,Unclassified,,,,,,
OTU_196,9,0.780149,65.1163,Unclassified,,,,,,
OTU_214,20,0.804884,65.1163,Unclassified,,,,,,
OTU_637,3,0.730133,65.1007,Unclassified,,,,,,
OTU_918,2,0.879422,65.0794,Unclassified,,,,,,
OTU_333,4,0.945648,64.9254,Unclassified,,,,,,
OTU_539,2,0.834321,64.8855,Unclassified,,,,,,
OTU_906,2,0.822842,64.6552,Unclassified,,,,,,
OTU_284,6,0.741294,63.7795,Unclassified,,,,,,
OTU_472,4,0.922558,63.7795,Unclassified,,,,,,
OTU_13,1029,0.790085,63.4328,Unclassified,,,,,,
OTU_244,5,0.787775,63.3588,Unclassified,,,,,,
OTU_826,2,0.890726,63.3588,Unclassified,,,,,,
OTU_972,2,0.611914,62.963,Unclassified,,,,,,
OTU_50,342,0.702279,62.7907,Unclassified,,,,,,
OTU_197,9,0.765816,62.5954,Unclassified,,,,,,
OTU_1002,3,0.811419,62.5954,Unclassified,,,,,,
OTU_868,2,0.853807,62.1429,Unclassified,,,,,,
OTU_177,9,0.693942,62.1212,Unclassified,,,,,,
OTU_982,2,0.789366,62.1212,Unclassified,,,,,,
OTU_239,20,0.802816,61.9048,Unclassified,,,,,,
OTU_806,2,0.858934,61.8321,Unclassified,,,,,,
OTU_665,2,0.739573,61.0687,Unclassified,,,,,,
OTU_221,6,0.867795,60.8,Unclassified,,,,,,
OTU_904,2,0.909816,60.5442,Unclassified,,,,,,
OTU_781,3,0.562686,59.7484,Unclassified,,,,,,
OTU_431,9,0.520009,58.0882,Unclassified,,,,,,
OTU_988,2,0.280143,56.1151,Unclassified,,,,,,
OTU_750,2,0.776452,55.0388,Unclassified,,,,,,
OTU_163,26,0.440237,54.5455,Unclassified,,,,,,
OTU_650,3,0.573887,54.4776,Unclassified,,,,,,
OTU_784,2,0.333311,53.1469,Unclassified,,,,,,
OTU_1001,2,0.416876,51.2821,Unclassified,,,,,,
OTU_619,2,0.418232,51.2048,Unclassified,,,,,,
OTU_562,2,0.664104,50.9202,Unclassified,,,,,,
OTU_617,2,0.736963,50.7812,Unclassified,,,,,,
OTU_593,2,0.516832,50.4505,Unclassified,,,,,,
OTU_734,3,0.419317,50,Unclassified,,,,,,
OTU_457,3,0.642052,49.7006,Unclassified,,,,,,
OTU_835,2,0.656709,49.6296,Unclassified,,,,,,
OTU_384,3,0.701319,49.5727,Unclassified,,,,,,
OTU_423,5,0.447784,48.7395,Unclassified,,,,,,
OTU_838,2,0.439318,48.5876,Unclassified,,,,,,
OTU_151,12,0.458293,48.1928,Unclassified,,,,,,
OTU_676,2,0.526653,47.8992,Unclassified,,,,,,
OTU_442,6,0.585679,47.0238,Unclassified,,,,,,
OTU_438,3,0.562869,46.9027,Unclassified,,,,,,
OTU_315,5,0.467731,46.5909,Unclassified,,,,,,
OTU_185,19,0.516475,45.9716,Unclassified,,,,,,
OTU_631,5,0.514792,45.9459,Unclassified,,,,,,
OTU_568,2,0.414431,44.7853,Unclassified,,,,,,
OTU_749,3,0.517111,44.2529,Unclassified,,,,,,
OTU_443,2,0.6398,43.8272,Unclassified,,,,,,
OTU_758,2,0.499923,43.5583,Unclassified,,,,,,
OTU_548,5,0.533752,43.4783,Unclassified,,,,,,
OTU_1005,2,0.574174,43.3566,Unclassified,,,,,,
OTU_736,2,0.636866,42.735,Unclassified,,,,,,
OTU_979,2,0.667026,42.7273,Unclassified,,,,,,
OTU_706,2,0.610283,42.446,Unclassified,,,,,,
OTU_852,4,0.503761,41.7808,Unclassified,,,,,,
OTU_1009,2,0.740308,41.6107,Unclassified,,,,,,
OTU_494,4,0.614676,41.129,Unclassified,,,,,,
OTU_740,2,0.513887,40.8889,Unclassified,,,,,,
OTU_35,672,0.644769,40.8046,Unclassified,,,,,,
OTU_1007,3,0.602445,40.6977,Unclassified,,,,,,
OTU_887,2,0.63271,40,Unclassified,,,,,,
OTU_266,18,0.693385,39.4366,Unclassified,,,,,,
OTU_803,2,0.69678,35.1145,Unclassified,,,,,,
OTU_860,3,0.453682,33.1818,Unclassified,,,,,,
OTU_480,3,0.551803,31.1377,Unclassified,,,,,,
