sequence_identifier	Domain	Phylum	Class	Order	Family	Genus
OTU_1	Bacteria	Cyanobacteria	Oxyphotobacteria	Synechococcales	Cyanobiaceae	[Synechococcus] spongiarum group
OTU_2	Bacteria	Bacteroidetes	Rhodothermia	Rhodothermales	Rhodothermaceae	uncultured
OTU_3	Bacteria	Proteobacteria	Alphaproteobacteria	Rhodobacterales	Rhodobacteraceae	Ruegeria
OTU_4	Bacteria	Proteobacteria	Gammaproteobacteria	Oceanospirillales	Pseudohongiellaceae	Pseudohongiella
OTU_5	Bacteria	Cyanobacteria	Oxyphotobacteria	Chloroplast		
OTU_6	Bacteria	Actinobacteria	Acidimicrobiia	Microtrichales	Microtrichaceae	Sva0996 marine group
OTU_7	Bacteria	Proteobacteria	Deltaproteobacteria	Oligoflexales	Oligoflexaceae	Oligoflexus
OTU_8	Bacteria	Proteobacteria	Gammaproteobacteria	Pseudomonadales	Pseudomonadaceae	Pseudomonas
OTU_9	Bacteria	Proteobacteria	Alphaproteobacteria	Rhodobacterales	Rhodobacteraceae	
OTU_10	Bacteria	Cyanobacteria	Oxyphotobacteria	Chloroplast		
OTU_11	Bacteria	Acidobacteria	Subgroup 9			
OTU_12	Bacteria	Proteobacteria	Gammaproteobacteria	Cellvibrionales	Porticoccaceae	C1-B045
OTU_13	Bacteria	Planctomycetes	Planctomycetacia	Pirellulales	Pirellulaceae	Pir4 lineage
OTU_14	Bacteria	Proteobacteria	Gammaproteobacteria	Aeromonadales	Aeromonadaceae	Aeromonas
OTU_15	Bacteria	Proteobacteria	Gammaproteobacteria	Gammaproteobacteria Incertae Sedis	Unknown Family	Marinicella
OTU_16	Unclassified					
OTU_17	Bacteria	Proteobacteria	Gammaproteobacteria	Alteromonadales	Alteromonadaceae	
OTU_18	Bacteria	Proteobacteria	Gammaproteobacteria	Steroidobacterales	Woeseiaceae	JTB255 marine benthic group
OTU_19	Archaea	Thaumarchaeota	Nitrososphaeria	Nitrosopumilales	Nitrosopumilaceae	
OTU_20	Bacteria	Cyanobacteria	Oxyphotobacteria	Chloroplast		
OTU_21	Bacteria	Proteobacteria	Gammaproteobacteria	UBA10353 marine group		
OTU_22	Unclassified					
OTU_23	Bacteria	Proteobacteria	Gammaproteobacteria	Betaproteobacteriales	Nitrosomonadaceae	966-1
OTU_24	Bacteria	Acidobacteria	Subgroup 17			
OTU_25	Unclassified					
OTU_26	Bacteria	Proteobacteria	Gammaproteobacteria	Pseudomonadales	Moraxellaceae	Acinetobacter
OTU_27	Bacteria	Bacteroidetes	Bacteroidia	Chitinophagales	Saprospiraceae	Portibacter
OTU_28	Bacteria	Cyanobacteria	Oxyphotobacteria	Nostocales	Phormidiaceae	
OTU_29	Bacteria	Proteobacteria	Alphaproteobacteria	Rhizobiales	Xanthobacteraceae	Bradyrhizobium
OTU_30	Bacteria	Cyanobacteria	Oxyphotobacteria	Nostocales	Cyanobacteriaceae	Cyanobacterium CLg1
OTU_31	Bacteria	Proteobacteria	Alphaproteobacteria	Micavibrionales	Micavibrionaceae	uncultured
OTU_32	Bacteria	Proteobacteria	Alphaproteobacteria	Rhodobacterales	Rhodobacteraceae	
OTU_33	Bacteria	Verrucomicrobia	Verrucomicrobiae	Pedosphaerales	Pedosphaeraceae	
OTU_34	Bacteria	Proteobacteria	Alphaproteobacteria	Rhizobiales	Rhizobiaceae	Lentilitoribacter
OTU_35	Bacteria	Proteobacteria	Gammaproteobacteria	Steroidobacterales	Steroidobacteraceae	uncultured
OTU_36	Unclassified					
OTU_37	Bacteria	Proteobacteria	Gammaproteobacteria	Oceanospirillales	Alcanivoracaceae	Alcanivorax
OTU_38	Bacteria	Bacteroidetes	Bacteroidia	Bacteroidales	Bacteroidetes BD2-2	
OTU_39	Unclassified					
OTU_40	Unclassified					
OTU_41	Unclassified					
OTU_42	Bacteria	Verrucomicrobia	Verrucomicrobiae	Chthoniobacterales	Xiphinematobacteraceae	Candidatus Xiphinematobacter
OTU_43	Unclassified					
OTU_44	Bacteria	Planctomycetes	OM190			
OTU_45	Unclassified					
OTU_46	Bacteria	Verrucomicrobia	Verrucomicrobiae	Pedosphaerales	Pedosphaeraceae	
OTU_47	Bacteria	Proteobacteria	Gammaproteobacteria	UBA10353 marine group		
OTU_48	Bacteria	Proteobacteria	Gammaproteobacteria	Betaproteobacteriales	Burkholderiaceae	Ralstonia
OTU_49	Bacteria	Acidobacteria	Subgroup 6			
OTU_50	Bacteria	Proteobacteria	Gammaproteobacteria	KI89A clade		
OTU_51	Bacteria	Proteobacteria	Alphaproteobacteria	Rhizobiales	Stappiaceae	Labrenzia
OTU_52	Bacteria	Proteobacteria	Gammaproteobacteria	CCD24		
OTU_53	Bacteria	Proteobacteria	Gammaproteobacteria	Nitrosococcales	Nitrosococcaceae	AqS1
OTU_54	Bacteria	Actinobacteria	Actinobacteria	Micrococcales	Micrococcaceae	Micrococcus
OTU_55	Bacteria	Bacteroidetes	Bacteroidia	Flavobacteriales	Flavobacteriaceae	
OTU_56	Bacteria	Proteobacteria	Gammaproteobacteria	JTB23		
OTU_57	Bacteria	Proteobacteria	Alphaproteobacteria	Caulobacterales	Hyphomonadaceae	uncultured
OTU_58	Bacteria	Proteobacteria	Alphaproteobacteria	Sphingomonadales	Sphingomonadaceae	Sphingomonas
OTU_59	Bacteria	Proteobacteria	Alphaproteobacteria	Rhodovibrionales	Kiloniellaceae	uncultured
OTU_60	Bacteria	Verrucomicrobia	Verrucomicrobiae	Pedosphaerales	Pedosphaeraceae	
OTU_61	Bacteria	Proteobacteria	Gammaproteobacteria	Methylococcales	Methylomonaceae	Crenothrix
OTU_62	Bacteria	Proteobacteria	Gammaproteobacteria	Betaproteobacteriales	Burkholderiaceae	
OTU_63	Bacteria	Actinobacteria	Actinobacteria	Corynebacteriales	Corynebacteriaceae	Corynebacterium 1
OTU_64	Bacteria	Cyanobacteria	Oxyphotobacteria	Nostocales	Xenococcaceae	Chroococcidiopsis PCC-6712
OTU_65	Unclassified					
OTU_66	Unclassified					
OTU_67	Bacteria	Cyanobacteria	Oxyphotobacteria	Chloroplast		
OTU_68	Bacteria	Firmicutes	Clostridia	Clostridiales	Family XII	Acidaminobacter
OTU_69	Unclassified					
OTU_70	Unclassified					
OTU_71	Bacteria	Proteobacteria	Alphaproteobacteria	Rhodobacterales	Rhodobacteraceae	Shimia
OTU_72	Bacteria	Bacteroidetes	Bacteroidia	Bacteroidales	Paludibacteraceae	Paludibacter
OTU_73	Unclassified					
OTU_74	Bacteria	Proteobacteria	Alphaproteobacteria	Rhodobacterales	Rhodobacteraceae	
OTU_75	Unclassified					
OTU_76	Unclassified					
OTU_77	Bacteria	Proteobacteria	Gammaproteobacteria	Betaproteobacteriales	Burkholderiaceae	
OTU_78	Bacteria	Cyanobacteria	Melainabacteria	Obscuribacterales		
OTU_79	Unclassified					
OTU_80	Bacteria	Proteobacteria	Gammaproteobacteria	Alteromonadales	Pseudoalteromonadaceae	
OTU_81	Unclassified					
OTU_82	Bacteria	Proteobacteria	Alphaproteobacteria	Micavibrionales	uncultured	
OTU_83	Bacteria	Planctomycetes	Phycisphaerae	Phycisphaerales	Phycisphaeraceae	Urania-1B-19 marine sediment group
OTU_84	Bacteria	Proteobacteria	Gammaproteobacteria	Alteromonadales	Shewanellaceae	Ferrimonas
OTU_85	Bacteria	Cyanobacteria	Oxyphotobacteria	Nostocales	Cyanobacteriaceae	Symphothece PCC-7002
OTU_86	Bacteria	Proteobacteria	Gammaproteobacteria	Oceanospirillales	Halomonadaceae	Halomonas
OTU_87	Bacteria	Proteobacteria	Gammaproteobacteria	Vibrionales	Vibrionaceae	Photobacterium
OTU_88	Bacteria	Proteobacteria	Alphaproteobacteria	Caulobacterales	Hyphomonadaceae	uncultured
OTU_89	Bacteria	Bacteroidetes	Bacteroidia	Cytophagales	Cyclobacteriaceae	
OTU_90	Unclassified					
OTU_91	Bacteria	Firmicutes	Bacilli	Bacillales	Bacillaceae	
OTU_92	Bacteria	Proteobacteria	Gammaproteobacteria	Alteromonadales	Alteromonadaceae	
OTU_93	Bacteria	Planctomycetes	Phycisphaerae	Phycisphaerales	Phycisphaeraceae	Phycisphaera
OTU_94	Unclassified					
OTU_95	Bacteria	Acidobacteria	Subgroup 6			
OTU_96	Bacteria	Proteobacteria	Gammaproteobacteria	Cellvibrionales	Spongiibacteraceae	
OTU_97	Bacteria	Bacteroidetes	Bacteroidia	Chitinophagales	uncultured	
OTU_98	Bacteria	Acidobacteria	Acidobacteriia	Solibacterales	Solibacteraceae (Subgroup 3)	PAUC26f
OTU_99	Bacteria	Actinobacteria	Acidimicrobiia	Microtrichales	Microtrichaceae	Sva0996 marine group
OTU_100	Unclassified					
OTU_101	Bacteria	Proteobacteria	Alphaproteobacteria	Rhodospirillales	Terasakiellaceae	uncultured
OTU_102	Bacteria	Bacteroidetes	Bacteroidia	Flavobacteriales	Flavobacteriaceae	Muricauda
OTU_103	Bacteria	Firmicutes	Bacilli	Bacillales	Bacillaceae	Bacillus
OTU_104	Bacteria	Firmicutes	Negativicutes	Selenomonadales	Veillonellaceae	Sporomusa
OTU_105	Bacteria	Actinobacteria	Thermoleophilia	Solirubrobacterales	Solirubrobacteraceae	Conexibacter
OTU_106	Unclassified					
OTU_107	Bacteria	Proteobacteria	Gammaproteobacteria	Xanthomonadales	Xanthomonadaceae	Xanthomonas
OTU_108	Bacteria	Firmicutes	Bacilli	Bacillales	Bacillaceae	Bacillus
OTU_109	Bacteria	Verrucomicrobia	Verrucomicrobiae	Verrucomicrobiales	Verrucomicrobiaceae	uncultured
OTU_110	Bacteria	Gemmatimonadetes	BD2-11 terrestrial group			
OTU_111	Bacteria	Proteobacteria	Alphaproteobacteria	Caulobacterales	Parvularculaceae	
OTU_112	Bacteria	Bacteroidetes	Bacteroidia	Cytophagales	Microscillaceae	
OTU_113	Bacteria	Proteobacteria	Alphaproteobacteria	Rhodobacterales	Rhodobacteraceae	
OTU_114	Bacteria	Proteobacteria	Gammaproteobacteria	CCD24		
OTU_115	Bacteria	Proteobacteria	Gammaproteobacteria	Betaproteobacteriales	B1-7BS	
OTU_116	Bacteria	Proteobacteria	Gammaproteobacteria	Pseudomonadales	Moraxellaceae	Acinetobacter
OTU_117	Unclassified					
OTU_118	Bacteria	Bacteroidetes	Bacteroidia	Flavobacteriales	Flavobacteriaceae	Winogradskyella
OTU_119	Bacteria	Chloroflexi	Anaerolineae	SBR1031	A4b	
OTU_120	Bacteria	Proteobacteria	Gammaproteobacteria	Nitrosococcales	Nitrosococcaceae	
OTU_121	Unclassified					
OTU_122	Bacteria	Proteobacteria	Gammaproteobacteria	Pseudomonadales	Pseudomonadaceae	Pseudomonas
OTU_123	Bacteria	Cyanobacteria	Oxyphotobacteria	Chloroplast		
OTU_124	Bacteria	Proteobacteria	Alphaproteobacteria	Rhizobiales	Devosiaceae	Devosia
OTU_125	Unclassified					
OTU_126	Unclassified					
OTU_127	Unclassified					
OTU_128	Bacteria	Planctomycetes	Planctomycetacia	Pirellulales	Pirellulaceae	Blastopirellula
OTU_129	Bacteria	Bacteroidetes	Bacteroidia	Chitinophagales	Saprospiraceae	
OTU_130	Unclassified					
OTU_131	Unclassified					
OTU_132	Bacteria	Verrucomicrobia	Verrucomicrobiae	Verrucomicrobiales	Verrucomicrobiaceae	uncultured
OTU_133	Bacteria	Bacteroidetes	Bacteroidia	Chitinophagales	uncultured	
OTU_134	Bacteria	Proteobacteria	Gammaproteobacteria	Vibrionales	Vibrionaceae	Vibrio
OTU_135	Bacteria	Cyanobacteria	Oxyphotobacteria	Nostocales	Phormidiaceae	Trichodesmium IMS101
OTU_136	Bacteria	Bacteroidetes	Bacteroidia	Flavobacteriales	Cryomorphaceae	uncultured
OTU_137	Bacteria	Proteobacteria	Deltaproteobacteria	PB19		
OTU_138	Bacteria	Firmicutes	Clostridia	Clostridiales	Ruminococcaceae	Ruminococcaceae UCG-008
OTU_139	Bacteria	Proteobacteria	Gammaproteobacteria	Alteromonadales	Alteromonadaceae	uncultured
OTU_140	Bacteria	Planctomycetes	Planctomycetacia	Pirellulales	Pirellulaceae	Pirellula
OTU_141	Bacteria	Bacteroidetes	Bacteroidia	Cytophagales	Cyclobacteriaceae	Reichenbachiella
OTU_142	Bacteria	Chloroflexi	KD4-96			
OTU_143	Bacteria	Proteobacteria	Gammaproteobacteria	Betaproteobacteriales	Nitrosomonadaceae	DSSD61
OTU_144	Bacteria	Proteobacteria	Gammaproteobacteria	Betaproteobacteriales	B1-7BS	
OTU_145	Unclassified					
OTU_146	Bacteria	Planctomycetes	Planctomycetacia	Planctomycetales	Gimesiaceae	uncultured
OTU_147	Bacteria	Proteobacteria	Gammaproteobacteria	Betaproteobacteriales	SC-I-84	
OTU_148	Bacteria	Nitrospinae	P9X2b3D02			
OTU_149	Bacteria	Proteobacteria	Alphaproteobacteria	Rhizobiales	Rhizobiaceae	Ahrensia
OTU_150	Bacteria	Proteobacteria	Alphaproteobacteria			
OTU_151	Bacteria	Proteobacteria	Alphaproteobacteria	Rhizobiales	Rhizobiaceae	uncultured
OTU_152	Bacteria	Bacteroidetes	Bacteroidia	Chitinophagales	Saprospiraceae	uncultured
OTU_153	Bacteria	Proteobacteria	Gammaproteobacteria	Cellvibrionales	Halieaceae	
OTU_154	Bacteria	Bacteroidetes	Bacteroidia	Flavobacteriales	Flavobacteriaceae	Dokdonia
OTU_155	Bacteria	Cyanobacteria	Oxyphotobacteria	Nostocales	Cyanobacteriaceae	Cyanobacterium CLg1
OTU_156	Unclassified					
OTU_157	Bacteria	Proteobacteria	Alphaproteobacteria	Micavibrionales	Micavibrionaceae	uncultured
OTU_158	Bacteria	Proteobacteria	Alphaproteobacteria	Rhizobiales	Stappiaceae	Labrenzia
OTU_159	Bacteria	Proteobacteria	Gammaproteobacteria	Betaproteobacteriales	Burkholderiaceae	uncultured
OTU_160	Bacteria	Bacteroidetes	Rhodothermia	Balneolales	Balneolaceae	Balneola
OTU_161	Bacteria	Actinobacteria	Actinobacteria			
OTU_162	Unclassified					
OTU_163	Unclassified					
OTU_164	Bacteria	Proteobacteria	Gammaproteobacteria	Steroidobacterales	Woeseiaceae	Woeseia
OTU_165	Bacteria	Proteobacteria	Alphaproteobacteria	Caulobacterales	Parvularculaceae	
OTU_166	Bacteria	Actinobacteria	Acidimicrobiia	Microtrichales	Microtrichaceae	Sva0996 marine group
OTU_167	Bacteria	Bacteroidetes	Bacteroidia	Flavobacteriales	Flavobacteriaceae	Kordia
OTU_168	Unclassified					
OTU_169	Bacteria	Proteobacteria	Alphaproteobacteria	NRL2		
OTU_170	Bacteria	Proteobacteria	Alphaproteobacteria	Rhodospirillales	Terasakiellaceae	Terasakiella
OTU_171	Bacteria	Bacteroidetes	Bacteroidia	Cytophagales	Cyclobacteriaceae	uncultured
OTU_172	Unclassified					
OTU_173	Bacteria	Actinobacteria	Actinobacteria	Micrococcales	Dermacoccaceae	Kytococcus
OTU_174	Bacteria	Firmicutes	Bacilli	Bacillales	Bacillaceae	Anoxybacillus
OTU_175	Bacteria	Proteobacteria	Gammaproteobacteria	Betaproteobacteriales	Burkholderiaceae	Aquabacterium
OTU_176	Bacteria	Proteobacteria	Gammaproteobacteria	KI89A clade		
OTU_177	Bacteria	Acidobacteria	Subgroup 6			
OTU_178	Bacteria	Proteobacteria	Gammaproteobacteria	Cellvibrionales	Porticoccaceae	Porticoccus
OTU_179	Unclassified					
OTU_180	Bacteria	Bacteroidetes	Bacteroidia	Flavobacteriales	Schleiferiaceae	Schleiferia
OTU_181	Bacteria	Proteobacteria	Alphaproteobacteria	Rhodospirillales	Terasakiellaceae	uncultured
OTU_182	Unclassified					
OTU_183	Bacteria	Cyanobacteria	Oxyphotobacteria	Nostocales	Cyanobacteriaceae	Annamia HOs24
OTU_184	Bacteria	Proteobacteria	Gammaproteobacteria	Nitrosococcales	Nitrosococcaceae	
OTU_185	Bacteria	Planctomycetes	OM190			
OTU_186	Bacteria	Bacteroidetes	Bacteroidia	Chitinophagales	Saprospiraceae	uncultured
OTU_187	Bacteria	Proteobacteria	Deltaproteobacteria	Oligoflexales	0319-6G20	
OTU_188	Bacteria	Firmicutes	Bacilli	Bacillales	Bacillaceae	Bacillus
OTU_189	Bacteria	Planctomycetes	Planctomycetacia	Pirellulales	Pirellulaceae	Pir4 lineage
OTU_190	Bacteria	Planctomycetes	Planctomycetacia	Planctomycetales	Rubinisphaeraceae	Planctomicrobium
OTU_191	Bacteria	Bacteroidetes	Bacteroidia	Flavobacteriales	Cryomorphaceae	uncultured
OTU_192	Unclassified					
OTU_193	Bacteria	Proteobacteria	Alphaproteobacteria	Rhodospirillales	Magnetospiraceae	Magnetospira
OTU_194	Bacteria	Cyanobacteria	Oxyphotobacteria	Chloroplast		
OTU_195	Bacteria	Bacteroidetes	Bacteroidia	Chitinophagales	Saprospiraceae	uncultured
OTU_196	Bacteria	Proteobacteria	Alphaproteobacteria	Micavibrionales	uncultured	
OTU_197	Bacteria	Planctomycetes	Planctomycetacia	Pirellulales	Pirellulaceae	Rubripirellula
OTU_198	Bacteria	Bacteroidetes	Bacteroidia	Flavobacteriales	Flavobacteriaceae	Winogradskyella
OTU_199	Bacteria	Proteobacteria	Alphaproteobacteria	Rhodovibrionales	Kiloniellaceae	Tistlia
OTU_200	Bacteria	Proteobacteria	Alphaproteobacteria	Micavibrionales	Micavibrionaceae	uncultured
OTU_201	Bacteria	Bacteroidetes	Bacteroidia	Flavobacteriales	Flavobacteriaceae	NS5 marine group
OTU_202	Unclassified					
OTU_203	Bacteria	Actinobacteria	Coriobacteriia	OPB41		
OTU_204	Bacteria	Proteobacteria	Gammaproteobacteria	Betaproteobacteriales	Burkholderiaceae	Janthinobacterium
OTU_205	Unclassified					
OTU_206	Bacteria	Bacteroidetes	Bacteroidia	Bacteroidales	Marinilabiliaceae	[Cytophaga] xylanolytica group
OTU_207	Bacteria	Proteobacteria	Gammaproteobacteria	Betaproteobacteriales	Rhodocyclaceae	Sulfuritalea
OTU_208	Bacteria	Proteobacteria	Gammaproteobacteria			
OTU_209	Bacteria	Proteobacteria	Gammaproteobacteria	Arenicellales	Arenicellaceae	Arenicella
OTU_210	Bacteria	Bacteroidetes	Bacteroidia	Chitinophagales	Saprospiraceae	uncultured
OTU_211	Unclassified					
OTU_212	Bacteria	Proteobacteria	Alphaproteobacteria	Rhodobacterales	Rhodobacteraceae	
OTU_213	Unclassified					
OTU_214	Bacteria	Bacteroidetes	Bacteroidia	Flavobacteriales	Flavobacteriaceae	Muricauda
OTU_215	Unclassified					
OTU_216	Unclassified					
OTU_217	Bacteria	Firmicutes	Bacilli	Bacillales	Paenibacillaceae	Paenibacillus
OTU_218	Bacteria	Bacteroidetes	Bacteroidia	Flavobacteriales	Flavobacteriaceae	
OTU_219	Unclassified					
OTU_220	Bacteria	Bacteroidetes	Bacteroidia	Cytophagales	Amoebophilaceae	uncultured
OTU_221	Bacteria	Planctomycetes	Planctomycetacia	Pirellulales	Pirellulaceae	Blastopirellula
OTU_222	Unclassified					
OTU_223	Bacteria	Proteobacteria	Alphaproteobacteria	Micavibrionales	Micavibrionaceae	uncultured
OTU_224	Unclassified					
OTU_225	Bacteria	Planctomycetes	Planctomycetacia	Pirellulales	Pirellulaceae	Blastopirellula
OTU_226	Bacteria	Planctomycetes	OM190			
OTU_227	Bacteria	Acidobacteria	Subgroup 26			
OTU_228	Bacteria	Chloroflexi	Anaerolineae	1-20		
OTU_229	Bacteria	Proteobacteria	Gammaproteobacteria	Betaproteobacteriales	Hydrogenophilaceae	uncultured
OTU_230	Unclassified					
OTU_231	Bacteria	Proteobacteria	Gammaproteobacteria	Alteromonadales	Alteromonadaceae	Aliiglaciecola
OTU_232	Bacteria	Actinobacteria	Rubrobacteria	Rubrobacterales	Rubrobacteriaceae	Rubrobacter
OTU_233	Bacteria	Deinococcus-Thermus	Deinococci	Thermales	Thermaceae	Thermus
OTU_234	Bacteria	Proteobacteria	Alphaproteobacteria	Rhizobiales		
OTU_235	Bacteria	Proteobacteria	Gammaproteobacteria	F9P41300-M23		
OTU_236	Bacteria	Firmicutes	Bacilli	Bacillales	Staphylococcaceae	Staphylococcus
OTU_237	Bacteria	Proteobacteria	Alphaproteobacteria	Caulobacterales	Hyphomonadaceae	Hirschia
OTU_238	Bacteria	Proteobacteria	Deltaproteobacteria	Bdellovibrionales	Bacteriovoracaceae	Peredibacter
OTU_239	Bacteria	Proteobacteria	Gammaproteobacteria	Betaproteobacteriales	Burkholderiaceae	
OTU_240	Bacteria	Proteobacteria	Alphaproteobacteria	Rhodobacterales	Rhodobacteraceae	uncultured
OTU_241	Bacteria	Proteobacteria	Alphaproteobacteria	Puniceispirillales	uncultured	
OTU_242	Bacteria	Planctomycetes	OM190			
OTU_243	Unclassified					
OTU_244	Bacteria	Cyanobacteria	Oxyphotobacteria	Chloroplast		
OTU_245	Bacteria	Planctomycetes	Phycisphaerae	Phycisphaerales	Phycisphaeraceae	SM1A02
OTU_246	Bacteria	Planctomycetes	Planctomycetacia	Planctomycetales	Rubinisphaeraceae	uncultured
OTU_247	Bacteria	Proteobacteria	Gammaproteobacteria	Cellvibrionales	Halieaceae	
OTU_248	Bacteria	Bacteroidetes	Bacteroidia	Flavobacteriales	Flavobacteriaceae	
OTU_249	Bacteria	Bacteroidetes	Bacteroidia	Chitinophagales	uncultured	
OTU_250	Bacteria	Proteobacteria	Alphaproteobacteria	Rickettsiales	Rickettsiaceae	Candidatus Megaira
OTU_251	Bacteria	Cyanobacteria	Oxyphotobacteria	Eurycoccales	Eurycoccales Incertae Sedis	Synechococcus PCC-7336
OTU_252	Bacteria	Bacteroidetes	Bacteroidia	Cytophagales	Cyclobacteriaceae	Fulvivirga
OTU_253	Bacteria	Proteobacteria	Gammaproteobacteria	Betaproteobacteriales	Hydrogenophilaceae	Tepidiphilus
OTU_254	Bacteria	Proteobacteria	Gammaproteobacteria	Alteromonadales	Alteromonadaceae	
OTU_255	Bacteria	Proteobacteria	Alphaproteobacteria	Rhizobiales	Rhizobiaceae	Mesorhizobium
OTU_256	Bacteria	Planctomycetes	vadinHA49			
OTU_257	Bacteria	Proteobacteria	Gammaproteobacteria	Pseudomonadales	Moraxellaceae	Enhydrobacter
OTU_258	Bacteria	Bacteroidetes	Bacteroidia	Flavobacteriales	Weeksellaceae	Cloacibacterium
OTU_259	Bacteria	Proteobacteria	Gammaproteobacteria			
OTU_260	Bacteria	Bacteroidetes	Bacteroidia	Chitinophagales	Saprospiraceae	Portibacter
OTU_261	Bacteria	Proteobacteria	Alphaproteobacteria	Tistrellales	Geminicoccaceae	Candidatus Alysiosphaera
OTU_262	Bacteria	Proteobacteria	Gammaproteobacteria	Cellvibrionales	Spongiibacteraceae	Sinobacterium
OTU_263	Bacteria	Proteobacteria	Gammaproteobacteria	Cellvibrionales	Cellvibrionaceae	uncultured
OTU_264	Unclassified					
OTU_265	Bacteria	Bacteroidetes	Bacteroidia	Chitinophagales	Saprospiraceae	Lewinella
OTU_266	Bacteria	Firmicutes	Bacilli	Bacillales		
OTU_267	Unclassified					
OTU_268	Unclassified					
OTU_269	Bacteria	Bacteroidetes	Bacteroidia	Flavobacteriales	Flavobacteriaceae	
OTU_270	Bacteria	Proteobacteria	Alphaproteobacteria	Caulobacterales	Hyphomonadaceae	
OTU_271	Bacteria	Proteobacteria	Deltaproteobacteria	Myxococcales	Sandaracinaceae	Sandaracinus
OTU_272	Bacteria	Planctomycetes	Planctomycetacia	Planctomycetales	Rubinisphaeraceae	Planctomicrobium
OTU_273	Bacteria	Planctomycetes	Planctomycetacia	Pirellulales	Pirellulaceae	
OTU_274	Bacteria	Actinobacteria	Actinobacteria	Corynebacteriales	Corynebacteriaceae	Turicella
OTU_275	Unclassified					
OTU_276	Bacteria	Proteobacteria	Alphaproteobacteria	Rhodobacterales	Rhodobacteraceae	
OTU_277	Unclassified					
OTU_278	Bacteria	Planctomycetes	Phycisphaerae	Phycisphaerales	Phycisphaeraceae	SM1A02
OTU_279	Bacteria	Proteobacteria	Gammaproteobacteria	Gammaproteobacteria Incertae Sedis	Unknown Family	Marinicella
OTU_280	Bacteria	Planctomycetes	OM190			
OTU_281	Unclassified					
OTU_282	Bacteria	Cyanobacteria	Oxyphotobacteria	Chloroplast		
OTU_283	Bacteria	Bacteroidetes	Bacteroidia	Cytophagales	Cyclobacteriaceae	Fulvivirga
OTU_284	Unclassified					
OTU_285	Bacteria	Proteobacteria	Deltaproteobacteria	Myxococcales	Sandaracinaceae	Sandaracinus
OTU_286	Unclassified					
OTU_287	Bacteria	Proteobacteria	Deltaproteobacteria	Bdellovibrionales	Bacteriovoracaceae	Peredibacter
OTU_288	Bacteria	Proteobacteria	Alphaproteobacteria	Puniceispirillales		
OTU_289	Bacteria	Proteobacteria	Alphaproteobacteria	Kordiimonadales	Kordiimonadaceae	Kordiimonas
OTU_290	Bacteria	Proteobacteria	Gammaproteobacteria	Betaproteobacteriales	Rhodocyclaceae	Z-35
OTU_291	Bacteria	Proteobacteria	Alphaproteobacteria	Rhodospirillales	Magnetospiraceae	uncultured
OTU_292	Bacteria	Proteobacteria	Deltaproteobacteria	Myxococcales	P3OB-42	
OTU_293	Bacteria	Verrucomicrobia	Verrucomicrobiae	Pedosphaerales	Pedosphaeraceae	
OTU_294	Unclassified					
OTU_295	Bacteria	Bacteroidetes	Bacteroidia	Cytophagales	Cyclobacteriaceae	uncultured
OTU_296	Bacteria	Proteobacteria	Gammaproteobacteria			
OTU_297	Bacteria	Proteobacteria	Deltaproteobacteria	Myxococcales	Sandaracinaceae	uncultured
OTU_298	Bacteria	Actinobacteria	Actinobacteria	Micrococcales	Micrococcaceae	
OTU_299	Bacteria	Bacteroidetes	Bacteroidia	Chitinophagales	Saprospiraceae	uncultured
OTU_300	Unclassified					
OTU_301	Bacteria	Planctomycetes	Phycisphaerae	Phycisphaerales	Phycisphaeraceae	SM1A02
OTU_302	Bacteria	Bacteroidetes	Bacteroidia	Cytophagales	Amoebophilaceae	uncultured
OTU_303	Bacteria	Firmicutes	Bacilli	Lactobacillales	Carnobacteriaceae	Carnobacterium
OTU_304	Bacteria	Firmicutes	Bacilli	Bacillales	Family XII	Exiguobacterium
OTU_305	Bacteria	Proteobacteria	Alphaproteobacteria	Rhizobiales	Beijerinckiaceae	Bosea
OTU_306	Bacteria	Cyanobacteria	Oxyphotobacteria	Synechococcales	Synechococcales Incertae Sedis	Schizothrix LEGE 07164
OTU_307	Unclassified					
OTU_308	Unclassified					
OTU_309	Bacteria	Bacteroidetes	Bacteroidia	Flavobacteriales	Flavobacteriaceae	Muricauda
OTU_310	Bacteria	Bacteroidetes	Bacteroidia	Flavobacteriales	Flavobacteriaceae	Muricauda
OTU_311	Unclassified					
OTU_312	Bacteria	Planctomycetes	Pla4 lineage			
OTU_313	Bacteria	Planctomycetes	Planctomycetacia	Planctomycetales	Rubinisphaeraceae	uncultured
OTU_314	Unclassified					
OTU_315	Unclassified					
OTU_316	Bacteria	Proteobacteria	Gammaproteobacteria	Alteromonadales	Alteromonadaceae	
OTU_317	Bacteria	Bacteroidetes	Bacteroidia	Chitinophagales	Saprospiraceae	Lewinella
OTU_318	Bacteria	Planctomycetes	Planctomycetacia	Pirellulales	Pirellulaceae	Pir4 lineage
OTU_319	Bacteria	Planctomycetes	Planctomycetacia	Pirellulales	Pirellulaceae	Pirellula
OTU_320	Bacteria	Cyanobacteria	Oxyphotobacteria	Chloroplast		
OTU_321	Bacteria	Proteobacteria	Gammaproteobacteria			
OTU_322	Bacteria	Bacteroidetes	Bacteroidia	Chitinophagales	Saprospiraceae	Lewinella
OTU_323	Bacteria	Bacteroidetes	Bacteroidia	Chitinophagales	Saprospiraceae	Lewinella
OTU_324	Bacteria	Proteobacteria	Gammaproteobacteria	Oceanospirillales	Alcanivoracaceae	Alcanivorax
OTU_325	Unclassified					
OTU_326	Bacteria	Planctomycetes	Phycisphaerae	Phycisphaerales	Phycisphaeraceae	SM1A02
OTU_327	Unclassified					
OTU_328	Bacteria	Bacteroidetes	Bacteroidia	Flavobacteriales	Flavobacteriaceae	Psychroserpens
OTU_329	Bacteria	Planctomycetes	Phycisphaerae	Phycisphaerales	Phycisphaeraceae	Algisphaera
OTU_330	Unclassified					
OTU_331	Unclassified					
OTU_332	Bacteria	Chloroflexi	KD4-96			
OTU_333	Unclassified					
OTU_334	Bacteria	Bacteroidetes	Bacteroidia	Chitinophagales	Saprospiraceae	
OTU_335	Bacteria	Cyanobacteria	Oxyphotobacteria	Phormidesmiales	Phormidesmiaceae	
OTU_336	Bacteria	Proteobacteria	Gammaproteobacteria	HOC36		
OTU_337	Bacteria	Proteobacteria	Deltaproteobacteria	PB19		
OTU_338	Unclassified					
OTU_339	Bacteria	Proteobacteria	Deltaproteobacteria	NB1-j		
OTU_340	Bacteria	Bacteroidetes	Bacteroidia	Flavobacteriales	Cryomorphaceae	Cryomorpha
OTU_341	Bacteria	Bacteroidetes	Bacteroidia	Flavobacteriales	Flavobacteriaceae	Zeaxanthinibacter
OTU_342	Bacteria	Proteobacteria	Deltaproteobacteria	Myxococcales	Sandaracinaceae	uncultured
OTU_343	Bacteria	Chloroflexi	Chloroflexia	Kallotenuales	Kallotenuaceae	Kallotenue
OTU_344	Bacteria	Proteobacteria	Alphaproteobacteria	Rhodobacterales	Rhodobacteraceae	
OTU_345	Bacteria	Proteobacteria	Alphaproteobacteria	Micavibrionales	Micavibrionaceae	uncultured
OTU_346	Bacteria	Verrucomicrobia	Verrucomicrobiae	Verrucomicrobiales	Rubritaleaceae	Persicirhabdus
OTU_347	Bacteria	Proteobacteria	Gammaproteobacteria	Oceanospirillales	Nitrincolaceae	uncultured
OTU_348	Bacteria	Bacteroidetes	Bacteroidia	Flavobacteriales	Cryomorphaceae	uncultured
OTU_349	Unclassified					
OTU_350	Bacteria	Planctomycetes	Planctomycetacia	Pirellulales	Pirellulaceae	Pir4 lineage
OTU_351	Bacteria	Planctomycetes	Planctomycetacia	Planctomycetales	Rubinisphaeraceae	
OTU_352	Bacteria	Proteobacteria	Gammaproteobacteria	Coxiellales	Coxiellaceae	Coxiella
OTU_353	Bacteria	Proteobacteria	Gammaproteobacteria	Nitrosococcales	Nitrosococcaceae	
OTU_354	Bacteria	Bacteroidetes	Bacteroidia	Chitinophagales	Saprospiraceae	uncultured
OTU_355	Bacteria	Cyanobacteria	Oxyphotobacteria	Chloroplast		
OTU_356	Bacteria	Proteobacteria	Alphaproteobacteria	Rhizobiales		
OTU_357	Unclassified					
OTU_358	Bacteria	Verrucomicrobia	Verrucomicrobiae	Verrucomicrobiales	Rubritaleaceae	Roseibacillus
OTU_359	Bacteria	Bacteroidetes	Bacteroidia	Bacteroidales	SB-5	
OTU_360	Bacteria	Proteobacteria	Alphaproteobacteria	Micavibrionales	Micavibrionaceae	uncultured
OTU_361	Bacteria	Proteobacteria	Alphaproteobacteria	Rhodobacterales	Rhodobacteraceae	uncultured
OTU_362	Unclassified					
OTU_363	Bacteria	Bacteroidetes	Bacteroidia	Cytophagales	Cyclobacteriaceae	Ekhidna
OTU_364	Bacteria	Proteobacteria	Alphaproteobacteria	Micavibrionales	Micavibrionaceae	uncultured
OTU_365	Unclassified					
OTU_366	Unclassified					
OTU_367	Bacteria	Proteobacteria	Gammaproteobacteria			
OTU_368	Bacteria	Bacteroidetes	Bacteroidia	Cytophagales	Cyclobacteriaceae	Reichenbachiella
OTU_369	Unclassified					
OTU_370	Unclassified					
OTU_371	Bacteria	Planctomycetes	OM190			
OTU_372	Bacteria	Planctomycetes	Phycisphaerae	Phycisphaerales	Phycisphaeraceae	SM1A02
OTU_373	Bacteria	Proteobacteria	Deltaproteobacteria	PB19		
OTU_374	Bacteria	Proteobacteria	Gammaproteobacteria	Oceanospirillales	Pseudohongiellaceae	Pseudohongiella
OTU_375	Unclassified					
OTU_376	Bacteria	Proteobacteria	Alphaproteobacteria	Rhodospirillales	Rhodospirillaceae	uncultured
OTU_377	Unclassified					
OTU_378	Bacteria	Verrucomicrobia	Verrucomicrobiae	Verrucomicrobiales	DEV007	
OTU_379	Bacteria	Planctomycetes	Planctomycetacia	Pirellulales	Pirellulaceae	Pirellula
OTU_380	Bacteria	Planctomycetes	BD7-11			
OTU_381	Bacteria	Planctomycetes	Planctomycetacia	Pirellulales	Pirellulaceae	Blastopirellula
OTU_382	Bacteria	Planctomycetes	Phycisphaerae	Phycisphaerales	Phycisphaeraceae	SM1A02
OTU_383	Bacteria	Proteobacteria	Alphaproteobacteria	Rickettsiales	SM2D12	
OTU_384	Bacteria	Cyanobacteria	Melainabacteria	Obscuribacterales		
OTU_385	Bacteria	Acidobacteria	Holophagae	Acanthopleuribacterales	Acanthopleuribacteraceae	Acanthopleuribacter
OTU_386	Bacteria	Bacteroidetes	Bacteroidia	Flavobacteriales	Flavobacteriaceae	Maribacter
OTU_387	Bacteria	Proteobacteria	Gammaproteobacteria	Betaproteobacteriales	Neisseriaceae	Neisseria
OTU_388	Bacteria	Proteobacteria	Alphaproteobacteria	Rhodobacterales	Rhodobacteraceae	
OTU_389	Bacteria	Actinobacteria	Acidimicrobiia	Actinomarinales	uncultured	
OTU_390	Bacteria	Planctomycetes	OM190			
OTU_391	Bacteria	Planctomycetes	OM190			
OTU_392	Bacteria	Cyanobacteria	Oxyphotobacteria	Nostocales	Cyanobacteriaceae	uncultured
OTU_393	Bacteria	Cyanobacteria	Oxyphotobacteria	Chloroplast		
OTU_394	Bacteria	Bacteroidetes	Bacteroidia	Chitinophagales	Chitinophagaceae	uncultured
OTU_395	Bacteria	Proteobacteria	Alphaproteobacteria	Caulobacterales	Caulobacteraceae	Caulobacter
OTU_396	Bacteria	Proteobacteria	Alphaproteobacteria	Rhizobiales	Methyloligellaceae	uncultured
OTU_397	Bacteria	Bacteroidetes	Bacteroidia	Chitinophagales	Saprospiraceae	Lewinella
OTU_398	Bacteria	Planctomycetes	BD7-11			
OTU_399	Bacteria	Cyanobacteria	Oxyphotobacteria	Eurycoccales	Eurycoccales Incertae Sedis	Synechococcus PCC-7336
OTU_400	Bacteria	Planctomycetes	Phycisphaerae	Phycisphaerales	Phycisphaeraceae	SM1A02
OTU_401	Unclassified					
OTU_402	Bacteria	Proteobacteria	Gammaproteobacteria			
OTU_403	Bacteria	Proteobacteria	Deltaproteobacteria	Bradymonadales		
OTU_404	Bacteria	Proteobacteria	Alphaproteobacteria	uncultured		
OTU_405	Unclassified					
OTU_406	Bacteria	Proteobacteria	Deltaproteobacteria	Myxococcales	UASB-TL25	
OTU_407	Bacteria	Proteobacteria	Alphaproteobacteria	Rickettsiales	SM2D12	
OTU_408	Unclassified					
OTU_409	Bacteria	Verrucomicrobia	Verrucomicrobiae	Pedosphaerales	Pedosphaeraceae	
OTU_410	Bacteria	Proteobacteria	Alphaproteobacteria	Rhodospirillales	Magnetospiraceae	uncultured
OTU_411	Bacteria	Bacteroidetes	Bacteroidia	Flavobacteriales	Cryomorphaceae	Owenweeksia
OTU_412	Bacteria	Proteobacteria	Gammaproteobacteria	Oceanospirillales	Kangiellaceae	Aliikangiella
OTU_413	Bacteria	Cyanobacteria	Oxyphotobacteria	Chloroplast		
OTU_414	Bacteria	Planctomycetes	Planctomycetacia	Pirellulales	Pirellulaceae	Rhodopirellula
OTU_415	Bacteria	Bacteroidetes	Bacteroidia	Flavobacteriales	Flavobacteriaceae	
OTU_416	Bacteria	Bacteroidetes	Bacteroidia	Flavobacteriales	Flavobacteriaceae	Winogradskyella
OTU_417	Bacteria	Proteobacteria	Deltaproteobacteria	Bdellovibrionales	Bdellovibrionaceae	Bdellovibrio
OTU_418	Bacteria	Proteobacteria	Alphaproteobacteria	Rickettsiales	SM2D12	
OTU_419	Bacteria	Proteobacteria	Alphaproteobacteria	Rhodobacterales	Rhodobacteraceae	
OTU_420	Unclassified					
OTU_421	Bacteria	Planctomycetes	Planctomycetacia	Pirellulales	Pirellulaceae	
OTU_422	Bacteria	Proteobacteria	Gammaproteobacteria	Betaproteobacteriales	SC-I-84	
OTU_423	Bacteria	Bacteroidetes	Bacteroidia	Chitinophagales	Saprospiraceae	Lewinella
OTU_424	Bacteria	Bacteroidetes	Bacteroidia	Cytophagales	Flammeovirgaceae	Flexithrix
OTU_425	Unclassified					
OTU_426	Unclassified					
OTU_427	Bacteria	Cyanobacteria	Oxyphotobacteria	Chloroplast		
OTU_428	Bacteria	Bacteroidetes	Bacteroidia	Chitinophagales	uncultured	
OTU_429	Unclassified					
OTU_430	Bacteria	Bacteroidetes	Bacteroidia	Chitinophagales	Saprospiraceae	uncultured
OTU_431	Unclassified					
OTU_432	Unclassified					
OTU_433	Bacteria	Bacteroidetes	Bacteroidia	Cytophagales	Amoebophilaceae	Candidatus Amoebophilus
OTU_434	Bacteria	Bacteroidetes	Bacteroidia	Flavobacteriales	Cryomorphaceae	uncultured
OTU_435	Bacteria	Proteobacteria	Gammaproteobacteria	Cellvibrionales	Cellvibrionaceae	
OTU_436	Bacteria	Planctomycetes	Planctomycetacia	Pirellulales	Pirellulaceae	Rhodopirellula
OTU_437	Bacteria	Proteobacteria	Gammaproteobacteria	JTB23		
OTU_438	Bacteria	Proteobacteria	Gammaproteobacteria	Xanthomonadales	Rhodanobacteraceae	uncultured
OTU_439	Unclassified					
OTU_440	Unclassified					
OTU_441	Bacteria	Deinococcus-Thermus	Deinococci	Deinococcales	Trueperaceae	Truepera
OTU_442	Bacteria	Planctomycetes	Planctomycetacia	Planctomycetales	Rubinisphaeraceae	
OTU_443	Bacteria	Proteobacteria	Gammaproteobacteria	KI89A clade		
OTU_444	Bacteria	Proteobacteria	Gammaproteobacteria			
OTU_445	Bacteria	Proteobacteria	Alphaproteobacteria	Sphingomonadales	Sphingomonadaceae	Erythrobacter
OTU_446	Unclassified					
OTU_447	Bacteria	Planctomycetes	Planctomycetacia	Pirellulales	Pirellulaceae	
OTU_448	Bacteria	Planctomycetes	Planctomycetacia	Pirellulales	Pirellulaceae	Blastopirellula
OTU_449	Bacteria	Bacteroidetes	Bacteroidia	Flavobacteriales	NS7 marine group	
OTU_450	Bacteria	Planctomycetes	Phycisphaerae	Phycisphaerales	Phycisphaeraceae	SM1A02
OTU_451	Bacteria	Cyanobacteria	Oxyphotobacteria	Eurycoccales	Eurycoccales Incertae Sedis	Synechococcus PCC-7336
OTU_452	Bacteria	Acidobacteria	Subgroup 22			
OTU_453	Unclassified					
OTU_454	Bacteria	Planctomycetes	Planctomycetacia	Pirellulales	Pirellulaceae	Rhodopirellula
OTU_455	Bacteria	Proteobacteria	Gammaproteobacteria	Steroidobacterales	Woeseiaceae	Woeseia
OTU_456	Bacteria	Bacteroidetes	Bacteroidia	Chitinophagales	Saprospiraceae	uncultured
OTU_457	Bacteria	Proteobacteria	Gammaproteobacteria	Cellvibrionales	Cellvibrionaceae	
OTU_458	Bacteria	Bacteroidetes	Bacteroidia	Cytophagales	Cyclobacteriaceae	Ekhidna
OTU_459	Bacteria	Proteobacteria	Alphaproteobacteria	Micavibrionales	Micavibrionaceae	uncultured
OTU_460	Unclassified					
OTU_461	Unclassified					
OTU_462	Unclassified					
OTU_463	Bacteria	Bacteroidetes	Bacteroidia	Flavobacteriales	Cryomorphaceae	uncultured
OTU_464	Bacteria	Cyanobacteria	Oxyphotobacteria	Synechococcales	Synechococcales Incertae Sedis	Schizothrix LEGE 07164
OTU_465	Bacteria	Planctomycetes	Phycisphaerae	Phycisphaerales	Phycisphaeraceae	Urania-1B-19 marine sediment group
OTU_466	Unclassified					
OTU_467	Bacteria	Bacteroidetes	Bacteroidia	Flavobacteriales	Flavobacteriaceae	Zeaxanthinibacter
OTU_468	Bacteria	Planctomycetes	OM190			
OTU_469	Bacteria	Planctomycetes	Planctomycetacia	Planctomycetales	Rubinisphaeraceae	
OTU_470	Bacteria	Deferribacteres	Deferribacteres	Deferribacterales	Deferribacteraceae	Seleniivibrio
OTU_471	Bacteria	Proteobacteria	Gammaproteobacteria	Alteromonadales	Shewanellaceae	Ferrimonas
OTU_472	Bacteria	Proteobacteria	Gammaproteobacteria	Coxiellales	Coxiellaceae	Coxiella
OTU_473	Bacteria	Planctomycetes	OM190			
OTU_474	Unclassified					
OTU_475	Bacteria	Proteobacteria	Gammaproteobacteria	Coxiellales	Coxiellaceae	Coxiella
OTU_476	Unclassified					
OTU_477	Unclassified					
OTU_478	Bacteria	Actinobacteria	Acidimicrobiia	Microtrichales	Microtrichaceae	Sva0996 marine group
OTU_479	Bacteria	Proteobacteria	Gammaproteobacteria	Xanthomonadales	Xanthomonadaceae	Stenotrophomonas
OTU_480	Bacteria	Bacteroidetes	Bacteroidia	Flavobacteriales	Flavobacteriaceae	Capnocytophaga
OTU_481	Bacteria	Planctomycetes	OM190			
OTU_482	Bacteria	Planctomycetes	Planctomycetacia	Planctomycetales	Rubinisphaeraceae	Fuerstia
OTU_483	Unclassified					
OTU_484	Bacteria	Planctomycetes	Planctomycetacia	Pirellulales	Pirellulaceae	Rhodopirellula
OTU_485	Unclassified					
OTU_486	Unclassified					
OTU_487	Bacteria	Planctomycetes	Planctomycetacia	Pirellulales	Pirellulaceae	Blastopirellula
OTU_488	Bacteria	Proteobacteria	Deltaproteobacteria	SAR324 clade(Marine group B)		
OTU_489	Bacteria	Planctomycetes	Pla4 lineage			
OTU_490	Bacteria	Bacteroidetes	Bacteroidia	Chitinophagales	Saprospiraceae	Portibacter
OTU_491	Bacteria	Planctomycetes	Phycisphaerae	Phycisphaerales	Phycisphaeraceae	SM1A02
OTU_492	Bacteria	Proteobacteria	Gammaproteobacteria	Gammaproteobacteria Incertae Sedis	Unknown Family	Marinicella
OTU_493	Bacteria	Proteobacteria	Gammaproteobacteria	Methylococcales	Methylomonaceae	
OTU_494	Bacteria	Planctomycetes	Planctomycetacia	Pirellulales	Pirellulaceae	uncultured
OTU_495	Bacteria	Actinobacteria	Actinobacteria	Corynebacteriales	Corynebacteriaceae	Corynebacterium 1
OTU_496	Bacteria	Proteobacteria	Alphaproteobacteria	Sneathiellales	Sneathiellaceae	Sneathiella
OTU_497	Bacteria	Planctomycetes	OM190			
OTU_498	Unclassified					
OTU_499	Bacteria	Proteobacteria	Alphaproteobacteria	Thalassobaculales	uncultured	
OTU_500	Bacteria	Verrucomicrobia	Verrucomicrobiae	Verrucomicrobiales	DEV007	
OTU_501	Bacteria	Planctomycetes	OM190			
OTU_502	Unclassified					
OTU_503	Bacteria	Acidobacteria	Subgroup 22			
OTU_504	Bacteria	Proteobacteria	Alphaproteobacteria	Rhizobiales	Stappiaceae	
OTU_505	Unclassified					
OTU_506	Bacteria	Bacteroidetes	Bacteroidia	Flavobacteriales	Flavobacteriaceae	
OTU_507	Bacteria	Proteobacteria	Gammaproteobacteria	Coxiellales	Coxiellaceae	Coxiella
OTU_508	Bacteria	Bacteroidetes	Bacteroidia	Chitinophagales	Saprospiraceae	uncultured
OTU_509	Unclassified					
OTU_510	Unclassified					
OTU_511	Bacteria	Acidobacteria	Thermoanaerobaculia	Thermoanaerobaculales	Thermoanaerobaculaceae	Subgroup 10
OTU_512	Unclassified					
OTU_513	Bacteria	Verrucomicrobia	Verrucomicrobiae	Verrucomicrobiales	DEV007	
OTU_514	Bacteria	Planctomycetes	BD7-11			
OTU_515	Bacteria	Proteobacteria	Gammaproteobacteria	Alteromonadales	Alteromonadaceae	
OTU_516	Bacteria	Proteobacteria	Alphaproteobacteria	Rhodobacterales	Rhodobacteraceae	
OTU_517	Bacteria	Cyanobacteria	Oxyphotobacteria	Nostocales	Xenococcaceae	Xenococcus PCC-7305
OTU_518	Bacteria	Proteobacteria	Alphaproteobacteria	Caulobacterales	Parvularculaceae	
OTU_519	Bacteria	Bacteroidetes	Bacteroidia	Sphingobacteriales	NS11-12 marine group	
OTU_520	Unclassified					
OTU_521	Bacteria	Planctomycetes	Planctomycetacia	Planctomycetales	Rubinisphaeraceae	
OTU_522	Bacteria	Proteobacteria	Alphaproteobacteria	Caulobacterales	Hyphomonadaceae	uncultured
OTU_523	Bacteria	Proteobacteria	Alphaproteobacteria	Sphingomonadales	Sphingomonadaceae	Sphingorhabdus
OTU_524	Bacteria	Bacteroidetes	Bacteroidia	Cytophagales	Microscillaceae	uncultured
OTU_525	Bacteria	Chloroflexi	Chloroflexia	Thermomicrobiales	JG30-KF-CM45	
OTU_526	Bacteria	Proteobacteria	Alphaproteobacteria	Sphingomonadales	Sphingomonadaceae	
OTU_527	Bacteria	Proteobacteria	Gammaproteobacteria	EC3		
OTU_528	Unclassified					
OTU_529	Bacteria	Proteobacteria	Gammaproteobacteria	Betaproteobacteriales	Nitrosomonadaceae	
OTU_530	Unclassified					
OTU_531	Bacteria	Proteobacteria	Gammaproteobacteria	Ectothiorhodospirales	Thioalkalispiraceae	
OTU_532	Bacteria	Proteobacteria	Gammaproteobacteria	Cellvibrionales	Halieaceae	
OTU_533	Bacteria	Proteobacteria	Alphaproteobacteria	Rhodobacterales	Rhodobacteraceae	
OTU_534	Bacteria	Bacteroidetes	Bacteroidia	Chitinophagales	Chitinophagaceae	uncultured
OTU_535	Bacteria	Bacteroidetes	Bacteroidia	Chitinophagales	Saprospiraceae	
OTU_536	Bacteria	Nitrospinae	P9X2b3D02			
OTU_537	Unclassified					
OTU_538	Unclassified					
OTU_539	Bacteria	Proteobacteria	Gammaproteobacteria	Salinisphaerales	Salinisphaeraceae	Salinisphaera
OTU_540	Bacteria	Proteobacteria	Gammaproteobacteria	BD7-8		
OTU_541	Bacteria	Bacteroidetes	Bacteroidia	Cytophagales	Cyclobacteriaceae	uncultured
OTU_542	Bacteria	Proteobacteria	Gammaproteobacteria			
OTU_543	Bacteria	Proteobacteria	Alphaproteobacteria	Rhodovibrionales	Kiloniellaceae	Pelagibius
OTU_544	Bacteria	Cyanobacteria	Sericytochromatia			
OTU_545	Unclassified					
OTU_546	Bacteria	Verrucomicrobia	Verrucomicrobiae	Pedosphaerales	Pedosphaeraceae	
OTU_547	Bacteria	Proteobacteria	Gammaproteobacteria	Arenicellales	Arenicellaceae	
OTU_548	Unclassified					
OTU_549	Bacteria	Bacteroidetes	Rhodothermia	Balneolales	Balneolaceae	
OTU_550	Unclassified					
OTU_551	Bacteria	Verrucomicrobia	Verrucomicrobiae	Opitutales	Opitutaceae	Diplosphaera
OTU_552	Bacteria	Cyanobacteria	Oxyphotobacteria	Phormidesmiales	Phormidesmiaceae	
OTU_553	Bacteria	Proteobacteria	Alphaproteobacteria	Sphingomonadales	Sphingomonadaceae	
OTU_554	Bacteria	Proteobacteria	Alphaproteobacteria	Rhodobacterales	Rhodobacteraceae	
OTU_555	Unclassified					
OTU_556	Unclassified					
OTU_557	Bacteria	Bacteroidetes	Bacteroidia	Cytophagales	Cyclobacteriaceae	uncultured
OTU_558	Bacteria	Planctomycetes	Planctomycetacia	Planctomycetales	Gimesiaceae	uncultured
OTU_559	Bacteria	Proteobacteria	Alphaproteobacteria	Sphingomonadales	Sphingomonadaceae	Erythrobacter
OTU_560	Unclassified					
OTU_561	Bacteria	Proteobacteria	Gammaproteobacteria	Betaproteobacteriales	Burkholderiaceae	Schlegelella
OTU_562	Bacteria	Proteobacteria	Gammaproteobacteria	Alteromonadales	Pseudoalteromonadaceae	
OTU_563	Unclassified					
OTU_564	Unclassified					
OTU_565	Unclassified					
OTU_566	Bacteria	Proteobacteria	Deltaproteobacteria	SAR324 clade(Marine group B)		
OTU_567	Bacteria	Proteobacteria	Alphaproteobacteria	Rhizobiales	Rhizobiales Incertae Sedis	Anderseniella
OTU_568	Unclassified					
OTU_569	Unclassified					
OTU_570	Unclassified					
OTU_571	Unclassified					
OTU_572	Bacteria	Proteobacteria	Deltaproteobacteria	Myxococcales	BIrii41	
OTU_573	Bacteria	Proteobacteria	Gammaproteobacteria	Cellvibrionales	Cellvibrionaceae	
OTU_574	Unclassified					
OTU_575	Bacteria	Bacteroidetes	Ignavibacteria	OPB56		
OTU_576	Bacteria	Bacteroidetes	Bacteroidia	Cytophagales	Amoebophilaceae	uncultured
OTU_577	Unclassified					
OTU_578	Unclassified					
OTU_579	Unclassified					
OTU_580	Bacteria	Proteobacteria	Gammaproteobacteria	Tenderiales	Tenderiaceae	Candidatus Tenderia
OTU_581	Unclassified					
OTU_582	Bacteria	Bacteroidetes	Bacteroidia	Chitinophagales	Saprospiraceae	Lewinella
OTU_583	Bacteria	Proteobacteria	Alphaproteobacteria	Caulobacterales	Caulobacteraceae	Brevundimonas
OTU_584	Bacteria	Proteobacteria	Gammaproteobacteria	BD7-8		
OTU_585	Unclassified					
OTU_586	Unclassified					
OTU_587	Unclassified					
OTU_588	Bacteria	Proteobacteria	Alphaproteobacteria			
OTU_589	Bacteria	Planctomycetes	OM190			
OTU_590	Bacteria	Proteobacteria	Alphaproteobacteria	Puniceispirillales	uncultured	
OTU_591	Unclassified					
OTU_592	Bacteria	Planctomycetes	Planctomycetacia	Pirellulales	Pirellulaceae	Blastopirellula
OTU_593	Bacteria	Proteobacteria	Alphaproteobacteria	Rhodobacterales	Rhodobacteraceae	Sulfitobacter
OTU_594	Bacteria	Proteobacteria	Gammaproteobacteria	Ga0077536		
OTU_595	Bacteria	Bacteroidetes	Bacteroidia	Cytophagales	Cyclobacteriaceae	uncultured
OTU_596	Unclassified					
OTU_597	Bacteria	Proteobacteria	Alphaproteobacteria	Acetobacterales	Acetobacteraceae	uncultured
OTU_598	Bacteria	Proteobacteria	Gammaproteobacteria			
OTU_599	Bacteria	Bacteroidetes	Bacteroidia	Chitinophagales	uncultured	
OTU_600	Bacteria	Bacteroidetes	Bacteroidia	Cytophagales	Cyclobacteriaceae	uncultured
OTU_601	Bacteria	Proteobacteria	Deltaproteobacteria	NB1-j		
OTU_602	Bacteria	Proteobacteria	Deltaproteobacteria	Oligoflexales	Oligoflexaceae	Pseudobacteriovorax
OTU_603	Unclassified					
OTU_604	Bacteria	Bacteroidetes	Rhodothermia	Rhodothermales	Rhodothermaceae	
OTU_605	Bacteria	Proteobacteria	Gammaproteobacteria			
OTU_606	Bacteria	Spirochaetes	Spirochaetia	Spirochaetales	Spirochaetaceae	uncultured
OTU_607	Unclassified					
OTU_608	Bacteria	Proteobacteria	Gammaproteobacteria	Oceanospirillales	Nitrincolaceae	Neptuniibacter
OTU_609	Bacteria					
OTU_610	Unclassified					
OTU_611	Bacteria	Planctomycetes	Phycisphaerae	Phycisphaerales	Phycisphaeraceae	SM1A02
OTU_612	Bacteria	Firmicutes	Clostridia	Clostridiales	Family XII	Acidaminobacter
OTU_613	Bacteria	Proteobacteria	Gammaproteobacteria	Coxiellales	Coxiellaceae	Coxiella
OTU_614	Bacteria	Bacteroidetes	Bacteroidia	Cytophagales	Cyclobacteriaceae	Reichenbachiella
OTU_615	Bacteria	Bacteroidetes	Bacteroidia	Flavobacteriales	Flavobacteriaceae	uncultured
OTU_616	Unclassified					
OTU_617	Bacteria	Verrucomicrobia	Verrucomicrobiae	Methylacidiphilales	Methylacidiphilaceae	uncultured
OTU_618	Bacteria	Planctomycetes	Planctomycetacia	Pirellulales	Pirellulaceae	Blastopirellula
OTU_619	Bacteria	Proteobacteria	Gammaproteobacteria	Coxiellales	Coxiellaceae	Coxiella
OTU_620	Bacteria	Proteobacteria	Alphaproteobacteria	Rickettsiales	AB1	
OTU_621	Unclassified					
OTU_622	Unclassified					
OTU_623	Bacteria	Verrucomicrobia	Verrucomicrobiae	Opitutales	Puniceicoccaceae	
OTU_624	Bacteria	Proteobacteria	Alphaproteobacteria	Rhizobiales	Rhizobiaceae	uncultured
OTU_625	Bacteria	Proteobacteria	Alphaproteobacteria	Rhodovibrionales	Kiloniellaceae	Pelagibius
OTU_626	Bacteria	Proteobacteria	Gammaproteobacteria	Gammaproteobacteria Incertae Sedis	Unknown Family	uncultured
OTU_627	Unclassified					
OTU_628	Bacteria	Proteobacteria	Alphaproteobacteria	Rhodobacterales	Rhodobacteraceae	
OTU_629	Bacteria	Proteobacteria	Alphaproteobacteria	Kordiimonadales	uncultured	
OTU_630	Bacteria	Proteobacteria	Gammaproteobacteria	Alteromonadales	Colwelliaceae	Thalassotalea
OTU_631	Bacteria	Proteobacteria	Alphaproteobacteria	Rhizobiales	Rhizobiaceae	Aureimonas
OTU_632	Bacteria	Proteobacteria	Gammaproteobacteria	Salinisphaerales	Algiphilaceae	Algiphilus
OTU_633	Bacteria	Proteobacteria	Deltaproteobacteria	Bdellovibrionales	Bdellovibrionaceae	OM27 clade
OTU_634	Bacteria	Bacteroidetes	Bacteroidia	Cytophagales	Cyclobacteriaceae	Reichenbachiella
OTU_635	Bacteria	Proteobacteria	Gammaproteobacteria	Alteromonadales	Moritellaceae	uncultured
OTU_636	Bacteria	Proteobacteria	Gammaproteobacteria			
OTU_637	Bacteria	Planctomycetes	Planctomycetacia	Pirellulales	Pirellulaceae	Rhodopirellula
OTU_638	Bacteria	Verrucomicrobia	Verrucomicrobiae	Opitutales	Puniceicoccaceae	Cerasicoccus
OTU_639	Unclassified					
OTU_640	Unclassified					
OTU_641	Bacteria	Proteobacteria	Alphaproteobacteria	Sphingomonadales	Sphingomonadaceae	Sphingopyxis
OTU_642	Unclassified					
OTU_643	Bacteria	Planctomycetes	Planctomycetacia	Planctomycetales	Gimesiaceae	uncultured
OTU_644	Bacteria	Proteobacteria	Deltaproteobacteria	Bdellovibrionales	Bdellovibrionaceae	Bdellovibrio
OTU_645	Unclassified					
OTU_646	Bacteria	Proteobacteria	Deltaproteobacteria	Myxococcales	P3OB-42	
OTU_647	Bacteria	Planctomycetes	Planctomycetacia	Planctomycetales	Gimesiaceae	uncultured
OTU_648	Bacteria	Chloroflexi	KD4-96			
OTU_649	Bacteria	Proteobacteria	Alphaproteobacteria	Sphingomonadales	Sphingomonadaceae	Novosphingobium
OTU_650	Unclassified					
OTU_651	Bacteria	Proteobacteria	Alphaproteobacteria	Micavibrionales	uncultured	
OTU_652	Bacteria	Planctomycetes	Planctomycetacia	Pirellulales	Pirellulaceae	Blastopirellula
OTU_653	Bacteria	Proteobacteria	Alphaproteobacteria	Rhodospirillales	Magnetospiraceae	uncultured
OTU_654	Bacteria	Proteobacteria	Gammaproteobacteria	Cellvibrionales	BD2-7	
OTU_655	Unclassified					
OTU_656	Unclassified					
OTU_657	Bacteria	Planctomycetes	Planctomycetacia	Pirellulales	Pirellulaceae	Blastopirellula
OTU_658	Bacteria	Planctomycetes	Planctomycetacia	Pirellulales	Pirellulaceae	Blastopirellula
OTU_659	Unclassified					
OTU_660	Unclassified					
OTU_661	Bacteria	Acidobacteria	Blastocatellia (Subgroup 4)	Blastocatellales	Blastocatellaceae	Blastocatella
OTU_662	Bacteria	Proteobacteria	Deltaproteobacteria	Desulfobacterales	Desulfobulbaceae	uncultured
OTU_663	Unclassified					
OTU_664	Bacteria	Planctomycetes	Planctomycetacia	Pirellulales	Pirellulaceae	Blastopirellula
OTU_665	Bacteria	Planctomycetes	vadinHA49			
OTU_666	Unclassified					
OTU_667	Bacteria	Planctomycetes	Planctomycetacia	Pirellulales	Pirellulaceae	Blastopirellula
OTU_668	Bacteria	Bacteroidetes	Bacteroidia	Cytophagales	Cyclobacteriaceae	uncultured
OTU_669	Unclassified					
OTU_670	Bacteria	Cyanobacteria	Oxyphotobacteria	Chloroplast		
OTU_671	Bacteria	Proteobacteria	Deltaproteobacteria	Myxococcales	Eel-36e1D6	
OTU_672	Bacteria	Proteobacteria	Gammaproteobacteria	Legionellales	Legionellaceae	uncultured
OTU_673	Unclassified					
OTU_674	Bacteria	Firmicutes	Bacilli	Lactobacillales	Streptococcaceae	Streptococcus
OTU_675	Bacteria	Proteobacteria	Alphaproteobacteria	Rhizobiales	Rhizobiaceae	Cohaesibacter
OTU_676	Bacteria	Verrucomicrobia	Verrucomicrobiae	Verrucomicrobiales	Verrucomicrobiaceae	uncultured
OTU_677	Bacteria	Bacteroidetes	Bacteroidia	Bacteroidales	Bacteroidetes vadinHA17	
OTU_678	Bacteria	Acidobacteria	Blastocatellia (Subgroup 4)	Blastocatellales	Blastocatellaceae	
OTU_679	Bacteria	Proteobacteria	Gammaproteobacteria	Cellvibrionales	Halieaceae	OM60(NOR5) clade
OTU_680	Bacteria	Proteobacteria	Alphaproteobacteria	Caulobacterales	Hyphomonadaceae	
OTU_681	Bacteria	Actinobacteria	Actinobacteria	Bifidobacteriales	Bifidobacteriaceae	Bifidobacterium
OTU_682	Unclassified					
OTU_683	Bacteria	Bacteroidetes	Bacteroidia	Flavobacteriales	Flavobacteriaceae	Tenacibaculum
OTU_684	Bacteria	Planctomycetes	Phycisphaerae	Phycisphaerales	Phycisphaeraceae	Urania-1B-19 marine sediment group
OTU_685	Bacteria	Proteobacteria	Gammaproteobacteria	Cellvibrionales	Porticoccaceae	C1-B045
OTU_686	Bacteria	Cyanobacteria	Melainabacteria	Caenarcaniphilales		
OTU_687	Bacteria	Bacteroidetes	Bacteroidia	Chitinophagales	Saprospiraceae	Lewinella
OTU_688	Bacteria	Proteobacteria	Gammaproteobacteria	Gammaproteobacteria Incertae Sedis	Unknown Family	uncultured
OTU_689	Bacteria	Bacteroidetes	Bacteroidia	Chitinophagales	Saprospiraceae	
OTU_690	Bacteria	Planctomycetes	OM190			
OTU_691	Bacteria	Proteobacteria	Gammaproteobacteria	OM182 clade		
OTU_692	Bacteria	Planctomycetes	Phycisphaerae	Phycisphaerales	Phycisphaeraceae	SM1A02
OTU_693	Unclassified					
OTU_694	Bacteria	Gemmatimonadetes	BD2-11 terrestrial group			
OTU_695	Bacteria	Proteobacteria	Alphaproteobacteria	Micavibrionales	Micavibrionaceae	uncultured
OTU_696	Unclassified					
OTU_697	Unclassified					
OTU_698	Bacteria	Proteobacteria	Alphaproteobacteria	Rickettsiales	Midichloriaceae	MD3-55
OTU_699	Bacteria	Planctomycetes	Phycisphaerae	Phycisphaerales	Phycisphaeraceae	SM1A02
OTU_700	Bacteria	Bacteroidetes	Ignavibacteria	OPB56		
OTU_701	Bacteria	Proteobacteria	Gammaproteobacteria	Cellvibrionales	Halieaceae	Pseudohaliea
OTU_702	Bacteria	Proteobacteria	Alphaproteobacteria	Rhodobacterales	Rhodobacteraceae	
OTU_703	Bacteria	Cyanobacteria	Oxyphotobacteria	Chloroplast		
OTU_704	Unclassified					
OTU_705	Bacteria	Proteobacteria	Deltaproteobacteria	NB1-j		
OTU_706	Bacteria	Proteobacteria	Alphaproteobacteria	Parvibaculales	PS1 clade	
OTU_707	Bacteria	Proteobacteria	Alphaproteobacteria			
OTU_708	Bacteria	Proteobacteria	Alphaproteobacteria	Micavibrionales	Micavibrionaceae	uncultured
OTU_709	Bacteria	Bacteroidetes	Bacteroidia	Chitinophagales	Saprospiraceae	uncultured
OTU_710	Bacteria	Verrucomicrobia	Verrucomicrobiae	Opitutales	Puniceicoccaceae	Cerasicoccus
OTU_711	Bacteria	Firmicutes	Bacilli	Bacillales	Alicyclobacillaceae	Alicyclobacillus
OTU_712	Unclassified					
OTU_713	Bacteria	Bacteroidetes	Bacteroidia	Flavobacteriales	Flavobacteriaceae	Aureicoccus
OTU_714	Bacteria	Planctomycetes	Planctomycetacia	Pirellulales	Pirellulaceae	Blastopirellula
OTU_715	Bacteria	Proteobacteria	Gammaproteobacteria	Alteromonadales	Alteromonadaceae	Alteromonas
OTU_716	Bacteria	Firmicutes	Bacilli	Bacillales	Bacillaceae	Geobacillus
OTU_717	Unclassified					
OTU_718	Unclassified					
OTU_719	Bacteria	Proteobacteria	Deltaproteobacteria	Bdellovibrionales	Bacteriovoracaceae	Peredibacter
OTU_720	Bacteria	Proteobacteria	Gammaproteobacteria	Alteromonadales	Alteromonadaceae	Rheinheimera
OTU_721	Unclassified					
OTU_722	Bacteria	Planctomycetes	OM190			
OTU_723	Bacteria	Proteobacteria	Alphaproteobacteria	Rhizobiales	Rhizobiaceae	uncultured
OTU_724	Unclassified					
OTU_725	Unclassified					
OTU_726	Bacteria	Bacteroidetes	Bacteroidia	Cytophagales	Microscillaceae	Chryseolinea
OTU_727	Bacteria	Proteobacteria	Gammaproteobacteria	Salinisphaerales	Solimonadaceae	Oceanococcus
OTU_728	Unclassified					
OTU_729	Unclassified					
OTU_730	Bacteria	Proteobacteria	Alphaproteobacteria	Rhodospirillales	Terasakiellaceae	uncultured
OTU_731	Unclassified					
OTU_732	Bacteria	Planctomycetes	OM190			
OTU_733	Unclassified					
OTU_734	Bacteria	Cyanobacteria	Oxyphotobacteria	Leptolyngbyales	Leptolyngbyaceae	uncultured
OTU_735	Unclassified					
OTU_736	Bacteria	Proteobacteria	Deltaproteobacteria	Bdellovibrionales	Bdellovibrionaceae	Bdellovibrio
OTU_737	Unclassified					
OTU_738	Bacteria	Planctomycetes	OM190			
OTU_739	Bacteria	Proteobacteria	Gammaproteobacteria	Steroidobacterales	Woeseiaceae	Woeseia
OTU_740	Bacteria	Hydrogenedentes	Hydrogenedentia	Hydrogenedentiales	Hydrogenedensaceae	
OTU_741	Bacteria	Planctomycetes	Phycisphaerae	Phycisphaerales	Phycisphaeraceae	SM1A02
OTU_742	Bacteria	Actinobacteria	Acidimicrobiia	Microtrichales	Ilumatobacteraceae	Ilumatobacter
OTU_743	Bacteria	Bacteroidetes	Bacteroidia	Cytophagales	Cyclobacteriaceae	uncultured
OTU_744	Bacteria	Acidobacteria	Blastocatellia (Subgroup 4)	Blastocatellales	Blastocatellaceae	Blastocatella
OTU_745	Unclassified					
OTU_746	Bacteria	Chloroflexi	Anaerolineae	SBR1031	A4b	
OTU_747	Bacteria	Proteobacteria	Deltaproteobacteria	Myxococcales	BIrii41	
OTU_748	Bacteria	Bacteroidetes	Bacteroidia	Chitinophagales	uncultured	
OTU_749	Bacteria	Bacteroidetes	Bacteroidia	Cytophagales	Cyclobacteriaceae	uncultured
OTU_750	Bacteria	Verrucomicrobia	Verrucomicrobiae	Verrucomicrobiales	DEV007	
OTU_751	Bacteria	Cyanobacteria	Oxyphotobacteria	Chloroplast		
OTU_752	Bacteria	Proteobacteria	Gammaproteobacteria	Gammaproteobacteria Incertae Sedis	Unknown Family	uncultured
OTU_753	Bacteria	Proteobacteria	Gammaproteobacteria	Betaproteobacteriales	Neisseriaceae	uncultured
OTU_754	Unclassified					
OTU_755	Bacteria	Bacteroidetes	Ignavibacteria	OPB56		
OTU_756	Unclassified					
OTU_757	Bacteria	Proteobacteria	Gammaproteobacteria			
OTU_758	Bacteria	Proteobacteria	Alphaproteobacteria	Rhodobacterales	Rhodobacteraceae	uncultured
OTU_759	Unclassified					
OTU_760	Bacteria	Cyanobacteria	Oxyphotobacteria	Thermosynechococcales	Acaryochloridaceae	Acaryochloris MBIC11017
OTU_761	Bacteria	Planctomycetes	Phycisphaerae	Phycisphaerales	Phycisphaeraceae	SM1A02
OTU_762	Bacteria	Proteobacteria	Deltaproteobacteria	Myxococcales	Haliangiaceae	Haliangium
OTU_763	Bacteria	Planctomycetes	Planctomycetacia	Pirellulales	Pirellulaceae	Blastopirellula
OTU_764	Bacteria	WPS-2				
OTU_765	Bacteria	Bacteroidetes	Bacteroidia	Chitinophagales	Saprospiraceae	
OTU_766	Bacteria	Proteobacteria	Alphaproteobacteria			
OTU_767	Bacteria	Proteobacteria	Deltaproteobacteria	Desulfobacterales	Desulfobacteraceae	
OTU_768	Unclassified					
OTU_769	Bacteria	Cyanobacteria	Oxyphotobacteria	Nostocales	Xenococcaceae	uncultured
OTU_770	Archaea	Thaumarchaeota	Nitrososphaeria	Nitrosopumilales	Nitrosopumilaceae	Cenarchaeum
OTU_771	Bacteria	Verrucomicrobia	Verrucomicrobiae	Verrucomicrobiales	DEV007	
OTU_772	Bacteria	Cyanobacteria	Oxyphotobacteria	Nostocales	Xenococcaceae	Pleurocapsa PCC-7319
OTU_773	Bacteria	Bacteroidetes	Bacteroidia	Chitinophagales	Saprospiraceae	
OTU_774	Bacteria	Verrucomicrobia	Verrucomicrobiae	Verrucomicrobiales	DEV007	
OTU_775	Bacteria	Planctomycetes	Planctomycetacia	Pirellulales	Pirellulaceae	Pirellula
OTU_776	Unclassified					
OTU_777	Bacteria	Bacteroidetes	Bacteroidia	Chitinophagales	Chitinophagaceae	Flavihumibacter
OTU_778	Bacteria	Proteobacteria	Alphaproteobacteria	Micavibrionales	Micavibrionaceae	uncultured
OTU_779	Bacteria	Cyanobacteria	Oxyphotobacteria	Phormidesmiales	Nodosilineaceae	Nodosilinea PCC-7104
OTU_780	Bacteria	Proteobacteria	Gammaproteobacteria	Xanthomonadales	Xanthomonadaceae	Arenimonas
OTU_781	Bacteria	Bacteroidetes	Bacteroidia	Sphingobacteriales	AKYH767	
OTU_782	Archaea	Thaumarchaeota	Nitrososphaeria	Nitrosopumilales	Nitrosopumilaceae	Candidatus Nitrosopumilus
OTU_783	Bacteria	Planctomycetes	Planctomycetacia	Pirellulales	Pirellulaceae	Blastopirellula
OTU_784	Bacteria	Bacteroidetes	Bacteroidia	Bacteroidales	Bacteroidetes vadinHA17	
OTU_785	Bacteria	Proteobacteria	Gammaproteobacteria	Oceanospirillales	SS1-B-06-26	
OTU_786	Bacteria	Bacteroidetes	Bacteroidia	Cytophagales	Cyclobacteriaceae	Marinoscillum
OTU_787	Unclassified					
OTU_788	Bacteria	Proteobacteria	Gammaproteobacteria	Oceanospirillales	Saccharospirillaceae	Reinekea
OTU_789	Bacteria	Cyanobacteria	Oxyphotobacteria	Chloroplast		
OTU_790	Unclassified					
OTU_791	Unclassified					
OTU_792	Bacteria	Acidobacteria	Thermoanaerobaculia	Thermoanaerobaculales	Thermoanaerobaculaceae	Subgroup 10
OTU_793	Bacteria	Planctomycetes	Planctomycetacia	Pirellulales	Pirellulaceae	Blastopirellula
OTU_794	Unclassified					
OTU_795	Bacteria	Verrucomicrobia	Verrucomicrobiae	Verrucomicrobiales	Rubritaleaceae	Roseibacillus
OTU_796	Bacteria	Proteobacteria	Gammaproteobacteria	Thiohalorhabdales	Thiohalorhabdaceae	Granulosicoccus
OTU_797	Bacteria	Planctomycetes	Phycisphaerae	Phycisphaerales	Phycisphaeraceae	Urania-1B-19 marine sediment group
OTU_798	Bacteria	Proteobacteria	Alphaproteobacteria	Micavibrionales	Micavibrionaceae	uncultured
OTU_799	Bacteria	Cyanobacteria	Oxyphotobacteria	Phormidesmiales	Nodosilineaceae	MBIC10086
OTU_800	Unclassified					
OTU_801	Bacteria	Proteobacteria	Gammaproteobacteria	HOC36		
OTU_802	Bacteria	Proteobacteria	Deltaproteobacteria	Myxococcales	Sandaracinaceae	uncultured
OTU_803	Bacteria	Proteobacteria	Alphaproteobacteria	Rhizobiales	Hyphomicrobiaceae	Filomicrobium
OTU_804	Bacteria	Bacteroidetes	Bacteroidia	Cytophagales	Cyclobacteriaceae	uncultured
OTU_805	Bacteria	Planctomycetes	Planctomycetacia	Pirellulales	Pirellulaceae	Pirellula
OTU_806	Bacteria	Verrucomicrobia	Verrucomicrobiae	Verrucomicrobiales	DEV007	
OTU_807	Bacteria	Proteobacteria	Gammaproteobacteria			
OTU_808	Bacteria	Bacteroidetes	Bacteroidia	Flavobacteriales	Cryomorphaceae	NS10 marine group
OTU_809	Bacteria	Proteobacteria	Deltaproteobacteria	Myxococcales	Nannocystaceae	uncultured
OTU_810	Bacteria	Proteobacteria	Gammaproteobacteria	Diplorickettsiales	Diplorickettsiaceae	uncultured
OTU_811	Bacteria	Proteobacteria	Deltaproteobacteria	Bdellovibrionales	Bacteriovoracaceae	Peredibacter
OTU_812	Bacteria	Planctomycetes	Pla4 lineage			
OTU_813	Unclassified					
OTU_814	Bacteria	Proteobacteria	Deltaproteobacteria	Bdellovibrionales	Bdellovibrionaceae	Bdellovibrio
OTU_815	Bacteria	Planctomycetes	BD7-11			
OTU_816	Bacteria	Planctomycetes	Planctomycetacia	Pirellulales	Pirellulaceae	Pirellula
OTU_817	Unclassified					
OTU_818	Unclassified					
OTU_819	Bacteria	Planctomycetes	Planctomycetacia	Pirellulales	Pirellulaceae	Rhodopirellula
OTU_820	Unclassified					
OTU_821	Unclassified					
OTU_822	Bacteria	Proteobacteria	Gammaproteobacteria	Betaproteobacteriales	Burkholderiaceae	Acidovorax
OTU_823	Bacteria	Proteobacteria	Gammaproteobacteria	Alteromonadales	Alteromonadaceae	Glaciecola
OTU_824	Bacteria	Proteobacteria	Alphaproteobacteria	Acetobacterales	Acetobacteraceae	
OTU_825	Bacteria	Proteobacteria	Gammaproteobacteria	Betaproteobacteriales	Nitrosomonadaceae	oc32
OTU_826	Unclassified					
OTU_827	Unclassified					
OTU_828	Bacteria	Proteobacteria	Deltaproteobacteria	Bradymonadales		
OTU_829	Unclassified					
OTU_830	Bacteria	Cyanobacteria	Oxyphotobacteria	Nostocales	Xenococcaceae	Pleurocapsa PCC-7319
OTU_831	Bacteria	Proteobacteria	Deltaproteobacteria	SAR324 clade(Marine group B)		
OTU_832	Bacteria	Bacteroidetes	Bacteroidia	Cytophagales	Cyclobacteriaceae	Marinoscillum
OTU_833	Bacteria	Proteobacteria	Gammaproteobacteria	Oceanospirillales	Pseudohongiellaceae	Pseudohongiella
OTU_834	Bacteria	Planctomycetes	Planctomycetacia	Pirellulales	Pirellulaceae	Rhodopirellula
OTU_835	Bacteria	Verrucomicrobia	Verrucomicrobiae	Verrucomicrobiales	Rubritaleaceae	Roseibacillus
OTU_836	Unclassified					
OTU_837	Unclassified					
OTU_838	Unclassified					
OTU_839	Bacteria	Verrucomicrobia	Verrucomicrobiae	Verrucomicrobiales	Rubritaleaceae	Roseibacillus
OTU_840	Bacteria	Proteobacteria	Alphaproteobacteria	Rhizobiales	Rhizobiaceae	
OTU_841	Bacteria	Proteobacteria	Gammaproteobacteria	uncultured		
OTU_842	Bacteria	Planctomycetes	Pla4 lineage			
OTU_843	Unclassified					
OTU_844	Bacteria	Bacteroidetes	Bacteroidia	Chitinophagales	Saprospiraceae	Lewinella
OTU_845	Bacteria	Bacteroidetes	Bacteroidia	Flavobacteriales	Flavobacteriaceae	
OTU_846	Unclassified					
OTU_847	Unclassified					
OTU_848	Unclassified					
OTU_849	Unclassified					
OTU_850	Bacteria	Firmicutes	Clostridia	Clostridiales	Clostridiaceae 1	Clostridium sensu stricto 10
OTU_851	Bacteria	Bacteroidetes	Bacteroidia	Flavobacteriales	NS9 marine group	
OTU_852	Bacteria	Proteobacteria	Deltaproteobacteria	NB1-j		
OTU_853	Bacteria	Acidobacteria	Thermoanaerobaculia	Thermoanaerobaculales	Thermoanaerobaculaceae	Subgroup 10
OTU_854	Bacteria	Proteobacteria	Gammaproteobacteria	Gammaproteobacteria Incertae Sedis	Unknown Family	Acidibacter
OTU_855	Bacteria	Proteobacteria	Alphaproteobacteria	Rhodobacterales	Rhodobacteraceae	Rubellimicrobium
OTU_856	Bacteria	Proteobacteria	Gammaproteobacteria	Cellvibrionales	Cellvibrionaceae	Cellvibrio
OTU_857	Bacteria	Planctomycetes	vadinHA49			
OTU_858	Bacteria	Bacteroidetes	Bacteroidia	Flavobacteriales	Flavobacteriaceae	
OTU_859	Unclassified					
OTU_860	Bacteria	Proteobacteria	Gammaproteobacteria	Gammaproteobacteria Incertae Sedis	Unknown Family	uncultured
OTU_861	Unclassified					
OTU_862	Bacteria	Bacteroidetes	Bacteroidia	Chitinophagales	Saprospiraceae	Lewinella
OTU_863	Bacteria	Proteobacteria	Gammaproteobacteria	Oceanospirillales	Nitrincolaceae	uncultured
OTU_864	Bacteria	Proteobacteria	Gammaproteobacteria	Nitrosococcales	Nitrosococcaceae	
OTU_865	Unclassified					
OTU_866	Bacteria	Proteobacteria	Gammaproteobacteria	Cellvibrionales	Porticoccaceae	Porticoccus
OTU_867	Unclassified					
OTU_868	Bacteria	Proteobacteria	Alphaproteobacteria	Rhodospirillales	Magnetospiraceae	uncultured
OTU_869	Bacteria	Actinobacteria	Actinobacteria	Micrococcales	Brevibacteriaceae	Brevibacterium
OTU_870	Bacteria	Proteobacteria	Gammaproteobacteria	OM182 clade		
OTU_871	Unclassified					
OTU_872	Unclassified					
OTU_873	Bacteria	Proteobacteria	Deltaproteobacteria	Bdellovibrionales	Bdellovibrionaceae	OM27 clade
OTU_874	Bacteria	Bacteroidetes	Bacteroidia	Chitinophagales	Saprospiraceae	uncultured
OTU_875	Unclassified					
OTU_876	Bacteria	Proteobacteria	Deltaproteobacteria	PB19		
OTU_877	Unclassified					
OTU_878	Bacteria	Proteobacteria	Deltaproteobacteria	PB19		
OTU_879	Bacteria	Proteobacteria	Alphaproteobacteria	Rhodobacterales	Rhodobacteraceae	uncultured
OTU_880	Bacteria	Planctomycetes	Planctomycetacia	Pirellulales	Pirellulaceae	Pirellula
OTU_881	Bacteria	Bacteroidetes	Bacteroidia	Flavobacteriales	Flavobacteriaceae	uncultured
OTU_882	Bacteria	Proteobacteria	Gammaproteobacteria			
OTU_883	Bacteria	Proteobacteria	Alphaproteobacteria	Caulobacterales	Parvularculaceae	
OTU_884	Bacteria	Planctomycetes	Planctomycetacia	Pirellulales	Pirellulaceae	Blastopirellula
OTU_885	Bacteria	Bacteroidetes	Bacteroidia	Chitinophagales	Saprospiraceae	Lewinella
OTU_886	Unclassified					
OTU_887	Bacteria	Bacteroidetes	Rhodothermia	Rhodothermales	Rhodothermaceae	uncultured
OTU_888	Bacteria	Bacteroidetes	Bacteroidia	Chitinophagales	Saprospiraceae	Lewinella
OTU_889	Bacteria	Proteobacteria	Gammaproteobacteria	Ga0077536		
OTU_890	Bacteria	Bacteroidetes	Rhodothermia	Rhodothermales	Rhodothermaceae	
OTU_891	Bacteria	Proteobacteria	Alphaproteobacteria	Rhodovibrionales		
OTU_892	Bacteria	Firmicutes	Clostridia	Clostridiales	Peptostreptococcaceae	Acetoanaerobium
OTU_893	Bacteria	Proteobacteria	Alphaproteobacteria	Caulobacterales	Hyphomonadaceae	Maricaulis
OTU_894	Bacteria	Proteobacteria	Gammaproteobacteria	Cellvibrionales	Spongiibacteraceae	Spongiibacter
OTU_895	Bacteria	Proteobacteria	Gammaproteobacteria	Cellvibrionales	Spongiibacteraceae	BD1-7 clade
OTU_896	Bacteria	Proteobacteria	Alphaproteobacteria	Rhodovibrionales	Kiloniellaceae	uncultured
OTU_897	Bacteria	Planctomycetes	Phycisphaerae	Phycisphaerales	Phycisphaeraceae	Phycisphaera
OTU_898	Unclassified					
OTU_899	Bacteria	Verrucomicrobia	Verrucomicrobiae	Chthoniobacterales	Chthoniobacteraceae	Chthoniobacter
OTU_900	Bacteria	Bacteroidetes	Bacteroidia	Sphingobacteriales	Sphingobacteriaceae	Pedobacter
OTU_901	Bacteria	Actinobacteria	Actinobacteria	Micrococcales	Microbacteriaceae	Pseudoclavibacter
OTU_902	Bacteria	Bacteroidetes	Bacteroidia	Bacteroidales	Bacteroidetes vadinHA17	
OTU_903	Bacteria	Verrucomicrobia	Verrucomicrobiae	Chthoniobacterales	Chthoniobacteraceae	Chthoniobacter
OTU_904	Bacteria	Planctomycetes	Planctomycetacia	Planctomycetales	Rubinisphaeraceae	uncultured
OTU_905	Bacteria	Nitrospirae	Nitrospira	Nitrospirales	Nitrospiraceae	Nitrospira
OTU_906	Bacteria	Proteobacteria	Deltaproteobacteria	Bdellovibrionales	Bacteriovoracaceae	Peredibacter
OTU_907	Bacteria	Verrucomicrobia	Verrucomicrobiae	Pedosphaerales	Pedosphaeraceae	
OTU_908	Bacteria	Bacteroidetes	Bacteroidia	Bacteroidales	Bacteroidetes vadinHA17	
OTU_909	Bacteria					
OTU_910	Bacteria	Bacteroidetes	Bacteroidia	Sphingobacteriales	AKYH767	
OTU_911	Bacteria	Proteobacteria	Alphaproteobacteria	Micavibrionales	uncultured	
OTU_912	Bacteria	Bacteroidetes	Bacteroidia	Bacteroidales	Bacteroidetes vadinHA17	
OTU_913	Bacteria	Chloroflexi	Anaerolineae	RBG-13-54-9		
OTU_914	Unclassified					
OTU_915	Bacteria	Proteobacteria	Gammaproteobacteria	Coxiellales	Coxiellaceae	Coxiella
OTU_916	Unclassified					
OTU_917	Bacteria	Proteobacteria	Gammaproteobacteria	Oceanospirillales	Kangiellaceae	Kangiella
OTU_918	Bacteria	Spirochaetes	Spirochaetia	Spirochaetales	Spirochaetaceae	Treponema
OTU_919	Bacteria	Proteobacteria	Gammaproteobacteria	Pseudomonadales	Moraxellaceae	Psychrobacter
OTU_920	Bacteria	Proteobacteria	Deltaproteobacteria	Bdellovibrionales	Bdellovibrionaceae	OM27 clade
OTU_921	Unclassified					
OTU_922	Unclassified					
OTU_923	Bacteria	Proteobacteria	Alphaproteobacteria	Kordiimonadales	Kordiimonadaceae	Kordiimonas
OTU_924	Bacteria	Proteobacteria	Alphaproteobacteria	Caulobacterales	Caulobacteraceae	Brevundimonas
OTU_925	Bacteria	Bacteroidetes	Bacteroidia	Sphingobacteriales	Sphingobacteriaceae	
OTU_926	Bacteria	Bacteroidetes	Bacteroidia	Bacteroidales	Prevotellaceae	Prevotella
OTU_927	Bacteria	Proteobacteria	Gammaproteobacteria	KI89A clade		
OTU_928	Unclassified					
OTU_929	Bacteria	Proteobacteria	Gammaproteobacteria	Alteromonadales	Colwelliaceae	
OTU_930	Unclassified					
OTU_931	Bacteria	Proteobacteria	Alphaproteobacteria	Micavibrionales	Micavibrionaceae	uncultured
OTU_932	Bacteria	Cyanobacteria	Oxyphotobacteria	Chloroplast		
OTU_933	Bacteria	Proteobacteria	Alphaproteobacteria	Rhizobiales	Devosiaceae	Maritalea
OTU_934	Bacteria	Chloroflexi	Anaerolineae	Anaerolineales	Anaerolineaceae	uncultured
OTU_935	Bacteria	Proteobacteria	Gammaproteobacteria	UBA10353 marine group		
OTU_936	Unclassified					
OTU_937	Bacteria	Proteobacteria	Deltaproteobacteria	Bdellovibrionales	Bdellovibrionaceae	Bdellovibrio
OTU_938	Bacteria	Actinobacteria	Acidimicrobiia	Microtrichales	Microtrichaceae	Sva0996 marine group
OTU_939	Unclassified					
OTU_940	Bacteria	Planctomycetes	OM190			
OTU_941	Bacteria	Proteobacteria	Deltaproteobacteria	Bdellovibrionales	Bdellovibrionaceae	OM27 clade
OTU_942	Unclassified					
OTU_943	Bacteria	Planctomycetes	OM190			
OTU_944	Unclassified					
OTU_945	Unclassified					
OTU_946	Bacteria	Verrucomicrobia	Verrucomicrobiae	Verrucomicrobiales	DEV007	
OTU_947	Bacteria	Dadabacteria	Dadabacteriia	Dadabacteriales		
OTU_948	Bacteria	Proteobacteria	Gammaproteobacteria	Betaproteobacteriales	B1-7BS	
OTU_949	Bacteria	Bacteroidetes	Bacteroidia	Chitinophagales	Saprospiraceae	Lewinella
OTU_950	Bacteria	Planctomycetes	Planctomycetacia	Pirellulales	Pirellulaceae	
OTU_951	Bacteria	Proteobacteria	Gammaproteobacteria	Gammaproteobacteria Incertae Sedis	Unknown Family	uncultured
OTU_952	Bacteria	Planctomycetes	OM190			
OTU_953	Unclassified					
OTU_954	Bacteria	Chlamydiae	Chlamydiae	Chlamydiales	Chlamydiaceae	uncultured
OTU_955	Bacteria	Proteobacteria	Gammaproteobacteria	Arenicellales	Arenicellaceae	Arenicella
OTU_956	Unclassified					
OTU_957	Unclassified					
OTU_958	Bacteria	Planctomycetes	Planctomycetacia	Pirellulales	Pirellulaceae	Rhodopirellula
OTU_959	Bacteria	Proteobacteria	Deltaproteobacteria	Bradymonadales		
OTU_960	Unclassified					
OTU_961	Bacteria	Proteobacteria	Gammaproteobacteria	Betaproteobacteriales	Methylophilaceae	Methylotenera
OTU_962	Bacteria	Proteobacteria	Alphaproteobacteria	Kordiimonadales	Kordiimonadaceae	Kordiimonas
OTU_963	Unclassified					
OTU_964	Bacteria	Proteobacteria	Deltaproteobacteria	Bdellovibrionales	Bdellovibrionaceae	OM27 clade
OTU_965	Unclassified					
OTU_966	Bacteria	Bacteroidetes	Bacteroidia	Flavobacteriales	Flavobacteriaceae	
OTU_967	Unclassified					
OTU_968	Bacteria	Planctomycetes	Phycisphaerae	Phycisphaerales	Phycisphaeraceae	Urania-1B-19 marine sediment group
OTU_969	Unclassified					
OTU_970	Unclassified					
OTU_971	Unclassified					
OTU_972	Bacteria	Proteobacteria	Gammaproteobacteria	Cellvibrionales	Halieaceae	
OTU_973	Bacteria	Planctomycetes	Phycisphaerae	Phycisphaerales	Phycisphaeraceae	SM1A02
OTU_974	Unclassified					
OTU_975	Unclassified					
OTU_976	Bacteria	Cyanobacteria	Oxyphotobacteria	Nostocales	Nostocales Incertae Sedis	Oscillatoria SAG8.92
OTU_977	Bacteria	Proteobacteria	Alphaproteobacteria	Rhodobacterales	Rhodobacteraceae	
OTU_978	Bacteria	Bacteroidetes	Bacteroidia	Chitinophagales	Saprospiraceae	uncultured
OTU_979	Bacteria	Planctomycetes	Planctomycetacia	Pirellulales	Pirellulaceae	Rhodopirellula
OTU_980	Bacteria	Planctomycetes	OM190			
OTU_981	Bacteria	Chloroflexi	Anaerolineae	SBR1031	A4b	
OTU_982	Bacteria	Proteobacteria	Deltaproteobacteria	Bdellovibrionales	Bdellovibrionaceae	OM27 clade
OTU_983	Bacteria	Proteobacteria	Gammaproteobacteria			
OTU_984	Bacteria	Bacteroidetes	Bacteroidia	Chitinophagales	Saprospiraceae	Lewinella
OTU_985	Unclassified					
OTU_986	Bacteria	Bacteroidetes	Bacteroidia	Chitinophagales	Saprospiraceae	uncultured
OTU_987	Unclassified					
OTU_988	Bacteria	Proteobacteria	Alphaproteobacteria	Kordiimonadales	Kordiimonadaceae	Kordiimonas
OTU_989	Bacteria	Verrucomicrobia	Verrucomicrobiae	Verrucomicrobiales	DEV007	
OTU_990	Bacteria	Proteobacteria	Alphaproteobacteria	Caedibacterales	Caedibacteraceae	uncultured
OTU_991	Unclassified					
OTU_992	Bacteria	Planctomycetes	Planctomycetacia	Pirellulales	Pirellulaceae	Blastopirellula
OTU_993	Bacteria	Bacteroidetes	Bacteroidia	Flavobacteriales	Flavobacteriaceae	
OTU_994	Bacteria	Proteobacteria	Alphaproteobacteria	Rickettsiales	Rickettsiaceae	
OTU_995	Bacteria	Planctomycetes	Planctomycetacia	Planctomycetales	Gimesiaceae	uncultured
OTU_996	Unclassified					
OTU_997	Bacteria	Planctomycetes	Phycisphaerae	Phycisphaerales	Phycisphaeraceae	SM1A02
OTU_998	Bacteria	Planctomycetes	Planctomycetacia	Planctomycetales	Rubinisphaeraceae	Planctomicrobium
OTU_999	Unclassified					
OTU_1000	Unclassified					
OTU_1001	Bacteria	Cyanobacteria	Oxyphotobacteria	Chloroplast		
OTU_1002	Bacteria	Proteobacteria	Alphaproteobacteria	Rhodovibrionales	Kiloniellaceae	uncultured
OTU_1003	Bacteria	Deinococcus-Thermus	Deinococci	Deinococcales	Trueperaceae	Truepera
OTU_1004	Bacteria	Proteobacteria	Gammaproteobacteria	Coxiellales	Coxiellaceae	Coxiella
OTU_1005	Unclassified					
OTU_1006	Bacteria	Proteobacteria	Deltaproteobacteria	Bdellovibrionales	Bacteriovoracaceae	
OTU_1007	Bacteria	Planctomycetes	OM190			
OTU_1008	Unclassified					
OTU_1009	Bacteria	Planctomycetes	OM190			
OTU_1010	Bacteria	Proteobacteria	Gammaproteobacteria	HOC36		
OTU_1011	Bacteria	Firmicutes	Clostridia	Thermoanaerobacterales	Thermoanaerobacteraceae	Carboxydothermus
OTU_1012	Bacteria	Verrucomicrobia	Verrucomicrobiae	Verrucomicrobiales	DEV007	
OTU_1013	Unclassified					
OTU_1014	Unclassified					
OTU_1015	Bacteria	Proteobacteria	Gammaproteobacteria	Pseudomonadales	Moraxellaceae	Acinetobacter
OTU_1016	Bacteria	Actinobacteria	Actinobacteria	Micrococcales	Dermabacteraceae	Brachybacterium
OTU_1017	Bacteria	Proteobacteria	Gammaproteobacteria	Francisellales	Francisellaceae	Francisella
OTU_1018	Bacteria	Proteobacteria	Gammaproteobacteria	Gammaproteobacteria Incertae Sedis	Unknown Family	Candidatus Ovatusbacter
OTU_1019	Bacteria	Firmicutes	Bacilli	Bacillales	Alicyclobacillaceae	Effusibacillus
OTU_1020	Bacteria	Bacteroidetes	Bacteroidia	Cytophagales	Microscillaceae	uncultured
OTU_1021	Bacteria	Planctomycetes	Planctomycetacia	Pirellulales	Pirellulaceae	Blastopirellula
OTU_1022	Bacteria	Spirochaetes	Leptospirae	Leptospirales	Leptospiraceae	uncultured
OTU_1023	Bacteria	Bacteroidetes	Bacteroidia	Cytophagales	Cyclobacteriaceae	uncultured
OTU_1024	Bacteria	Bacteroidetes	Bacteroidia	Flavobacteriales	Flavobacteriaceae	
OTU_1025	Unclassified					
OTU_1026	Bacteria	Planctomycetes	Pla3 lineage			
OTU_1027	Bacteria	Acidobacteria	Subgroup 22			
OTU_1028	Bacteria	Firmicutes	Negativicutes	Selenomonadales	Veillonellaceae	uncultured
OTU_1029	Bacteria	Bacteroidetes	Bacteroidia	Flavobacteriales	Flavobacteriaceae	
OTU_1030	Bacteria	Planctomycetes	Phycisphaerae	Phycisphaerales	Phycisphaeraceae	SM1A02
OTU_1031	Bacteria	Proteobacteria	Alphaproteobacteria	Caulobacterales	Hyphomonadaceae	Algimonas
OTU_1032	Bacteria	Bacteroidetes	Bacteroidia	Flavobacteriales	Crocinitomicaceae	Fluviicola
OTU_1033	Unclassified					
OTU_1034	Unclassified					
OTU_1035	Bacteria	Bacteroidetes	Bacteroidia	Flavobacteriales	Flavobacteriaceae	Croceitalea
OTU_1036	Bacteria	Proteobacteria	Alphaproteobacteria	Rhizobiales	Rhizobiaceae	
OTU_1037	Unclassified					
OTU_1038	Bacteria	Planctomycetes	OM190			
OTU_1039	Bacteria	Planctomycetes	Planctomycetacia	Pirellulales	Pirellulaceae	Blastopirellula
OTU_1040	Unclassified					
OTU_1041	Unclassified					
OTU_1042	Bacteria	Proteobacteria	Deltaproteobacteria	NB1-j		
OTU_1043	Bacteria	Proteobacteria	Alphaproteobacteria	Rhodovibrionales	Kiloniellaceae	uncultured
OTU_1044	Unclassified					
OTU_1045	Bacteria	Proteobacteria	Alphaproteobacteria	Micavibrionales	uncultured	
OTU_1046	Bacteria	Proteobacteria	Alphaproteobacteria	Rhodovibrionales	Kiloniellaceae	uncultured
OTU_1047	Bacteria	Proteobacteria	Alphaproteobacteria	uncultured		
OTU_1048	Bacteria	Proteobacteria	Gammaproteobacteria	Cellvibrionales	Halieaceae	OM60(NOR5) clade
OTU_1049	Unclassified					
OTU_1050	Bacteria	Bacteroidetes	Rhodothermia	Rhodothermales	Rhodothermaceae	uncultured
OTU_1051	Bacteria	Proteobacteria	Deltaproteobacteria	Myxococcales	Sandaracinaceae	Sandaracinus
OTU_1052	Unclassified					
OTU_1053	Bacteria	Acidobacteria	Blastocatellia (Subgroup 4)	Blastocatellales	Blastocatellaceae	Blastocatella
OTU_1054	Bacteria	Proteobacteria	Deltaproteobacteria	Myxococcales	Haliangiaceae	Haliangium
OTU_1055	Bacteria	Proteobacteria	Alphaproteobacteria			
OTU_1056	Unclassified					
OTU_1057	Bacteria	Bacteroidetes	Bacteroidia	Cytophagales	Amoebophilaceae	uncultured
OTU_1058	Bacteria	Proteobacteria	Alphaproteobacteria	Tistrellales	Geminicoccaceae	uncultured
OTU_1059	Bacteria	Bacteroidetes	Bacteroidia	Flavobacteriales	Cryomorphaceae	uncultured
OTU_1060	Bacteria	Bacteroidetes	Bacteroidia	Cytophagales	Cyclobacteriaceae	uncultured
OTU_1061	Bacteria	Verrucomicrobia	Verrucomicrobiae	Opitutales	Puniceicoccaceae	Lentimonas
OTU_1062	Bacteria	Cyanobacteria	Oxyphotobacteria	Chloroplast		
OTU_1063	Bacteria	Acidobacteria	Subgroup 22			
OTU_1064	Bacteria	Bacteroidetes	Bacteroidia	Flavobacteriales	Flavobacteriaceae	Costertonia
OTU_1065	Bacteria	Proteobacteria	Alphaproteobacteria	Rhizobiales	Rhizobiaceae	Mesorhizobium
OTU_1066	Bacteria	Planctomycetes	Planctomycetacia	Pirellulales	Pirellulaceae	Blastopirellula
OTU_1067	Bacteria	Planctomycetes	Pla3 lineage			
OTU_1068	Bacteria	Proteobacteria	Alphaproteobacteria	Rhodospirillales	Magnetospiraceae	uncultured
OTU_1069	Bacteria	Planctomycetes	vadinHA49			
OTU_1070	Bacteria	Proteobacteria	Alphaproteobacteria	uncultured		
OTU_1071	Bacteria	Proteobacteria	Alphaproteobacteria	Acetobacterales	Acetobacteraceae	Gluconobacter
OTU_1072	Bacteria	Planctomycetes	Planctomycetacia	Pirellulales	Pirellulaceae	uncultured
OTU_1073	Bacteria	Bacteroidetes	Bacteroidia	Flavobacteriales	Cryomorphaceae	uncultured
OTU_1074	Bacteria	Bacteroidetes	Bacteroidia	Cytophagales	Cyclobacteriaceae	uncultured
OTU_1075	Bacteria	Bacteroidetes	Rhodothermia	Rhodothermales	Rhodothermaceae	
OTU_1076	Unclassified					
OTU_1077	Bacteria	Bacteroidetes	Bacteroidia	Chitinophagales	Chitinophagaceae	Asinibacterium
OTU_1078	Bacteria	Bacteroidetes	Bacteroidia	Chitinophagales	Saprospiraceae	Portibacter
OTU_1079	Bacteria	Planctomycetes	Planctomycetacia	Planctomycetales	Gimesiaceae	Gimesia
OTU_1080	Unclassified					
OTU_1081	Bacteria	Proteobacteria	Gammaproteobacteria	Cellvibrionales	Spongiibacteraceae	
OTU_1082	Bacteria	Proteobacteria	Gammaproteobacteria			
OTU_1083	Unclassified					
OTU_1084	Bacteria	Dadabacteria	Dadabacteriia	Dadabacteriales		
OTU_1085	Bacteria	Proteobacteria	Deltaproteobacteria	Myxococcales	Nannocystaceae	uncultured
OTU_1086	Unclassified					
OTU_1087	Bacteria	Proteobacteria	Gammaproteobacteria	OM182 clade		
OTU_1088	Unclassified					
OTU_1089	Bacteria	Proteobacteria	Alphaproteobacteria	Caulobacterales	Caulobacteraceae	Brevundimonas
OTU_1090	Bacteria	Firmicutes	Clostridia	Thermoanaerobacterales	Family III	Thermoanaerobacterium
OTU_1091	Bacteria	Proteobacteria	Deltaproteobacteria	Bdellovibrionales	Bacteriovoracaceae	Peredibacter
OTU_1092	Bacteria	Proteobacteria	Gammaproteobacteria	HOC36		
OTU_1093	Unclassified					
OTU_1094	Bacteria	Nitrospirae	Thermodesulfovibrionia	uncultured		
OTU_1095	Bacteria	Planctomycetes	Phycisphaerae	MSBL9	GWC2-45-44	
OTU_1096	Bacteria	Verrucomicrobia	Verrucomicrobiae	Pedosphaerales	Pedosphaeraceae	
OTU_1097	Bacteria	Bacteroidetes	Bacteroidia	Chitinophagales	uncultured	
OTU_1098	Bacteria	Proteobacteria	Gammaproteobacteria	Pseudomonadales	Pseudomonadaceae	Pseudomonas
OTU_1099	Bacteria	Latescibacteria				
OTU_1100	Bacteria	Proteobacteria	Gammaproteobacteria	Oceanospirillales	Oleiphilaceae	Oleiphilus
OTU_1101	Bacteria	Elusimicrobia	Lineage IIb			
OTU_1102	Bacteria	Firmicutes	Clostridia	Clostridiales	Ruminococcaceae	Subdoligranulum
OTU_1103	Unclassified					
OTU_1104	Bacteria	Proteobacteria	Alphaproteobacteria	Rhizobiales	Xanthobacteraceae	Starkeya
OTU_1105	Bacteria	Bacteroidetes	Bacteroidia	Sphingobacteriales		
OTU_1106	Bacteria	Verrucomicrobia	Verrucomicrobiae	Opitutales	Opitutaceae	Lacunisphaera
OTU_1107	Bacteria	Proteobacteria	Gammaproteobacteria	Betaproteobacteriales	Hydrogenophilaceae	Thiobacillus
OTU_1108	Bacteria	Chloroflexi	Anaerolineae	Anaerolineales	Anaerolineaceae	uncultured
OTU_1109	Bacteria	Proteobacteria	Deltaproteobacteria	Desulfobacterales	Desulfobacteraceae	Desulfatirhabdium
OTU_1110	Bacteria	Proteobacteria	Gammaproteobacteria	Oceanospirillales	Halomonadaceae	Halomonas
OTU_1111	Unclassified					
OTU_1112	Bacteria	Proteobacteria	Alphaproteobacteria	Rhizobiales	Rhizobiaceae	Allorhizobium-Neorhizobium-Pararhizobium-Rhizobium
OTU_1113	Unclassified					
OTU_1114	Bacteria	Firmicutes	Clostridia	Clostridiales	Clostridiaceae 1	Clostridium sensu stricto 13
OTU_1115	Bacteria	Proteobacteria	Deltaproteobacteria	Myxococcales	bacteriap25	
OTU_1116	Bacteria	Bacteroidetes	Bacteroidia	Sphingobacteriales	env.OPS 17	
OTU_1117	Bacteria	Bacteroidetes	Bacteroidia	Sphingobacteriales	Lentimicrobiaceae	
OTU_1118	Bacteria	Verrucomicrobia	Verrucomicrobiae	Opitutales	Opitutaceae	Opitutus
OTU_1119	Bacteria	Bacteroidetes	Bacteroidia	Cytophagales	Microscillaceae	
OTU_1120	Bacteria	Planctomycetes	Phycisphaerae	Tepidisphaerales	Tepidisphaeraceae	
OTU_1121	Bacteria	Nitrospirae	Thermodesulfovibrionia	uncultured		
OTU_1122	Bacteria	Actinobacteria	Actinobacteria	Micrococcales	Intrasporangiaceae	
OTU_1123	Bacteria	Acidobacteria	Subgroup 6			
OTU_1124	Bacteria	Bacteroidetes	Bacteroidia	Cytophagales	Microscillaceae	
OTU_1125	Bacteria	Verrucomicrobia	Verrucomicrobiae	Verrucomicrobiales	Verrucomicrobiaceae	uncultured
OTU_1126	Bacteria	Bacteroidetes	Bacteroidia	Sphingobacteriales	Lentimicrobiaceae	
OTU_1127	Bacteria	Bacteroidetes	Bacteroidia	Chitinophagales	Saprospiraceae	uncultured
OTU_1128	Bacteria	Bacteroidetes	Bacteroidia	Cytophagales	Microscillaceae	uncultured
OTU_1129	Bacteria	Bacteroidetes	Bacteroidia	Chitinophagales	Chitinophagaceae	Dinghuibacter
OTU_1130	Bacteria	Proteobacteria	Gammaproteobacteria	CCM19a		
OTU_1131	Bacteria	Bacteroidetes	Bacteroidia	Bacteroidales	Bacteroidetes vadinHA17	
OTU_1132	Bacteria	Bacteroidetes	Bacteroidia	Sphingobacteriales	env.OPS 17	
OTU_1133	Bacteria	Planctomycetes	Planctomycetacia	Pirellulales	Pirellulaceae	Blastopirellula
OTU_1134	Unclassified					
OTU_1135	Unclassified					
OTU_1136	Bacteria	Proteobacteria	Alphaproteobacteria			
OTU_1137	Unclassified					
OTU_1138	Bacteria	Proteobacteria	Gammaproteobacteria	Cellvibrionales	Cellvibrionaceae	uncultured
OTU_1139	Bacteria	Cyanobacteria	Oxyphotobacteria	Nostocales	Xenococcaceae	
OTU_1140	Unclassified					
OTU_1141	Unclassified					
OTU_1142	Bacteria	Proteobacteria	Gammaproteobacteria	HglApr721		
OTU_1143	Bacteria	Proteobacteria	Gammaproteobacteria	Xanthomonadales	Xanthomonadaceae	Stenotrophomonas
OTU_1144	Unclassified					
OTU_1145	Unclassified					
OTU_1146	Unclassified					
OTU_1147	Bacteria	Proteobacteria	Gammaproteobacteria	Alteromonadales	Colwelliaceae	Thalassotalea
OTU_1148	Bacteria	Proteobacteria	Deltaproteobacteria	Myxococcales	P3OB-42	
OTU_1149	Bacteria	Proteobacteria	Alphaproteobacteria	Rhodobacterales	Rhodobacteraceae	Roseovarius
OTU_1150	Bacteria	Proteobacteria	Alphaproteobacteria	Rhizobiales	Rhizobiaceae	
OTU_1151	Bacteria	Planctomycetes	Planctomycetacia	Pirellulales	Pirellulaceae	Rhodopirellula
OTU_1152	Bacteria	Nitrospirae	Nitrospira	Nitrospirales	Nitrospiraceae	Nitrospira
OTU_1153	Bacteria	Cyanobacteria	Oxyphotobacteria	Chloroplast		
OTU_1154	Bacteria	Cyanobacteria	Oxyphotobacteria	Phormidesmiales	Nodosilineaceae	MBIC10086
OTU_1155	Unclassified					
OTU_1156	Bacteria	Cyanobacteria	Oxyphotobacteria	Chloroplast		
OTU_1157	Unclassified					
OTU_1158	Unclassified					
OTU_1159	Unclassified					
OTU_1160	Bacteria	Bacteroidetes	Bacteroidia			
OTU_1161	Bacteria	Proteobacteria	Gammaproteobacteria	Thiohalorhabdales	Thiohalorhabdaceae	Granulosicoccus
OTU_1162	Bacteria	Acidobacteria	Thermoanaerobaculia	Thermoanaerobaculales	Thermoanaerobaculaceae	Subgroup 23
OTU_1163	Bacteria	Cyanobacteria	Oxyphotobacteria	Chloroplast		
OTU_1164	Bacteria	Bacteroidetes	Bacteroidia	Cytophagales	Amoebophilaceae	uncultured
OTU_1165	Bacteria	Bacteroidetes	Bacteroidia	Flavobacteriales	Flavobacteriaceae	Winogradskyella
OTU_1166	Bacteria	Planctomycetes	Phycisphaerae	Phycisphaerales	Phycisphaeraceae	SM1A02
OTU_1167	Bacteria	Chloroflexi	Anaerolineae	SBR1031	A4b	
OTU_1168	Bacteria	Proteobacteria	Gammaproteobacteria	KI89A clade		
OTU_1169	Bacteria	Planctomycetes	OM190			
OTU_1170	Bacteria	Bacteroidetes	Rhodothermia	Rhodothermales	Rhodothermaceae	uncultured
OTU_1171	Unclassified					
OTU_1172	Bacteria	Planctomycetes	OM190			
OTU_1173	Bacteria	Planctomycetes	Planctomycetacia	Pirellulales	Pirellulaceae	Rhodopirellula
OTU_1174	Bacteria	Cyanobacteria	Oxyphotobacteria	Chloroplast		
OTU_1175	Bacteria	Planctomycetes	Planctomycetacia	Pirellulales	Pirellulaceae	Blastopirellula
OTU_1176	Unclassified					
OTU_1177	Unclassified					
OTU_1178	Bacteria	Bacteroidetes	Bacteroidia	Flavobacteriales	Flavobacteriaceae	Aquibacter
OTU_1179	Bacteria	Planctomycetes	Planctomycetacia	Pirellulales	Pirellulaceae	
OTU_1180	Unclassified					
OTU_1181	Unclassified					
OTU_1182	Unclassified					
OTU_1183	Bacteria	Bacteroidetes	Bacteroidia	Cytophagales	Cyclobacteriaceae	Reichenbachiella
OTU_1184	Bacteria	Proteobacteria	Alphaproteobacteria	Rhodobacterales	Rhodobacteraceae	Roseovarius
OTU_1185	Unclassified					
OTU_1186	Unclassified					
OTU_1187	Bacteria	Planctomycetes	OM190			
OTU_1188	Bacteria	Proteobacteria	Gammaproteobacteria	Cellvibrionales	Cellvibrionaceae	
OTU_1189	Bacteria	Proteobacteria	Deltaproteobacteria	Bdellovibrionales	Bdellovibrionaceae	OM27 clade
OTU_1190	Unclassified					
OTU_1191	Unclassified					
OTU_1192	Unclassified					
OTU_1193	Bacteria	Planctomycetes	OM190			
OTU_1194	Bacteria	Proteobacteria	Deltaproteobacteria	Bdellovibrionales	Bacteriovoracaceae	
OTU_1195	Bacteria	Planctomycetes	Planctomycetacia	Pirellulales	Pirellulaceae	Rhodopirellula
OTU_1196	Unclassified					
OTU_1197	Unclassified					
OTU_1198	Bacteria	Proteobacteria	Alphaproteobacteria	Rhodobacterales	Rhodobacteraceae	
OTU_1199	Bacteria	Bacteroidetes	Bacteroidia	Cytophagales	Cyclobacteriaceae	Marinoscillum
OTU_1200	Bacteria	Proteobacteria	Gammaproteobacteria	Alteromonadales	Marinobacteraceae	Marinobacter
OTU_1201	Unclassified					
OTU_1202	Unclassified					
OTU_1203	Unclassified					
OTU_1204	Bacteria	Planctomycetes	Planctomycetacia	Planctomycetales	Rubinisphaeraceae	
OTU_1205	Unclassified					
OTU_1206	Bacteria	Proteobacteria	Alphaproteobacteria	Micavibrionales	Micavibrionaceae	uncultured
OTU_1207	Bacteria	Proteobacteria	Alphaproteobacteria	Micavibrionales	Micavibrionaceae	uncultured
OTU_1208	Bacteria	Verrucomicrobia	Verrucomicrobiae	Opitutales	Puniceicoccaceae	Cerasicoccus
OTU_1209	Bacteria	Bacteroidetes	Bacteroidia	Cytophagales	Cyclobacteriaceae	uncultured
OTU_1210	Unclassified					
OTU_1211	Unclassified					
OTU_1212	Unclassified					
OTU_1213	Unclassified					
OTU_1214	Bacteria	Proteobacteria	Gammaproteobacteria	Alteromonadales	Alteromonadaceae	
OTU_1215	Bacteria	Proteobacteria	Alphaproteobacteria	Sphingomonadales	Sphingomonadaceae	Parasphingopyxis
OTU_1216	Bacteria	Cyanobacteria	Oxyphotobacteria	Synechococcales	Synechococcales Incertae Sedis	Schizothrix LEGE 07164
OTU_1217	Unclassified					
OTU_1218	Bacteria	Deinococcus-Thermus	Deinococci	Thermales	Thermaceae	Meiothermus
OTU_1219	Bacteria	Cyanobacteria	Oxyphotobacteria	Nostocales		
OTU_1220	Unclassified					
OTU_1221	Unclassified					
OTU_1222	Bacteria	Proteobacteria	Gammaproteobacteria	OM182 clade		
OTU_1223	Bacteria	Bacteroidetes	Bacteroidia	Chitinophagales	Saprospiraceae	Portibacter
OTU_1224	Unclassified					
OTU_1225	Bacteria	Proteobacteria	Gammaproteobacteria	Alteromonadales	Pseudoalteromonadaceae	Pseudoalteromonas
OTU_1226	Bacteria	Proteobacteria	Deltaproteobacteria	Bdellovibrionales	Bdellovibrionaceae	Bdellovibrio
OTU_1227	Bacteria	Planctomycetes	Phycisphaerae	Phycisphaerales	Phycisphaeraceae	Urania-1B-19 marine sediment group
OTU_1228	Bacteria	Cyanobacteria	Oxyphotobacteria	Nostocales	Xenococcaceae	uncultured
OTU_1229	Unclassified					
OTU_1230	Bacteria	Actinobacteria	Acidimicrobiia	Microtrichales	Microtrichaceae	Sva0996 marine group
OTU_1231	Unclassified					
OTU_1232	Unclassified					
OTU_1233	Bacteria	Planctomycetes	Planctomycetacia	Pirellulales	Pirellulaceae	Blastopirellula
OTU_1234	Unclassified					
OTU_1235	Bacteria	Verrucomicrobia	Verrucomicrobiae	Verrucomicrobiales	DEV007	
OTU_1236	Bacteria	Chloroflexi	Dehalococcoidia	SAR202 clade		
OTU_1237	Bacteria	Proteobacteria	Alphaproteobacteria	Rhodobacterales	Rhodobacteraceae	
OTU_1238	Unclassified					
OTU_1239	Bacteria	Bacteroidetes	Bacteroidia	Flavobacteriales	Flavobacteriaceae	Ulvibacter
OTU_1240	Bacteria	Proteobacteria	Alphaproteobacteria	Rhizobiales	Rhizobiaceae	uncultured
OTU_1241	Bacteria	Acidobacteria	Subgroup 22			
OTU_1242	Unclassified					
OTU_1243	Bacteria	Proteobacteria	Deltaproteobacteria	Bradymonadales		
OTU_1244	Unclassified					
OTU_1245	Bacteria	Proteobacteria	Gammaproteobacteria			
OTU_1246	Unclassified					
OTU_1247	Unclassified					
OTU_1248	Bacteria	Planctomycetes	Planctomycetacia	Pirellulales	Pirellulaceae	Blastopirellula
OTU_1249	Bacteria	Proteobacteria	Deltaproteobacteria	Myxococcales	Sandaracinaceae	uncultured
OTU_1250	Unclassified					
OTU_1251	Unclassified					
OTU_1252	Unclassified					
OTU_1253	Bacteria	Proteobacteria	Alphaproteobacteria	Micavibrionales	Micavibrionaceae	uncultured
OTU_1254	Bacteria	Planctomycetes	Phycisphaerae	Phycisphaerales	Phycisphaeraceae	Urania-1B-19 marine sediment group
OTU_1255	Unclassified					
OTU_1256	Unclassified					
OTU_1257	Bacteria	Proteobacteria	Gammaproteobacteria	Alteromonadales	Alteromonadaceae	
OTU_1258	Unclassified					
OTU_1259	Bacteria	Planctomycetes	Planctomycetacia	Pirellulales	Pirellulaceae	Blastopirellula
OTU_1260	Bacteria	Bacteroidetes	Bacteroidia	Chitinophagales	Saprospiraceae	uncultured
OTU_1261	Bacteria	Planctomycetes	Phycisphaerae	Phycisphaerales	Phycisphaeraceae	Urania-1B-19 marine sediment group
OTU_1262	Bacteria	Proteobacteria	Gammaproteobacteria	Oceanospirillales	Pseudohongiellaceae	Pseudohongiella
OTU_1263	Bacteria	Proteobacteria	Gammaproteobacteria	Alteromonadales	Alteromonadaceae	Aestuariibacter
OTU_1264	Bacteria	Proteobacteria	Alphaproteobacteria	Micavibrionales	Micavibrionaceae	uncultured
OTU_1265	Bacteria	Planctomycetes	Planctomycetacia	Planctomycetales	Rubinisphaeraceae	Planctomicrobium
OTU_1266	Unclassified					
OTU_1267	Unclassified					
OTU_1268	Unclassified					
OTU_1269	Unclassified					
OTU_1270	Unclassified					
OTU_1271	Bacteria	Planctomycetes	Phycisphaerae	Phycisphaerales	Phycisphaeraceae	SM1A02
OTU_1272	Unclassified					
OTU_1273	Bacteria	Proteobacteria	Alphaproteobacteria	Caulobacterales	Parvularculaceae	
OTU_1274	Bacteria	Cyanobacteria	Oxyphotobacteria	Thermosynechococcales	Acaryochloridaceae	Acaryochloris MBIC11017
OTU_1275	Unclassified					
OTU_1276	Bacteria	Actinobacteria	Actinobacteria	Corynebacteriales	Corynebacteriaceae	Corynebacterium
OTU_1277	Bacteria	Planctomycetes	Planctomycetacia	Pirellulales	Pirellulaceae	Blastopirellula
OTU_1278	Bacteria	Acidobacteria	Holophagae	Acanthopleuribacterales	Acanthopleuribacteraceae	Acanthopleuribacter
OTU_1279	Unclassified					
OTU_1280	Bacteria	Acidobacteria	Thermoanaerobaculia	Thermoanaerobaculales	Thermoanaerobaculaceae	Subgroup 10
OTU_1281	Bacteria	Proteobacteria	Alphaproteobacteria	uncultured		
OTU_1282	Bacteria	Proteobacteria	Gammaproteobacteria	PLTA13		
OTU_1283	Bacteria	Proteobacteria	Alphaproteobacteria	Reyranellales	Reyranellaceae	Reyranella
OTU_1284	Bacteria	Planctomycetes	Planctomycetacia	Pirellulales	Pirellulaceae	Rhodopirellula
OTU_1285	Bacteria	Planctomycetes	Planctomycetacia	Pirellulales	Pirellulaceae	uncultured
OTU_1286	Bacteria	Proteobacteria	Alphaproteobacteria	Rhizobiales	Beijerinckiaceae	alphaI cluster
OTU_1287	Unclassified					
OTU_1288	Bacteria	Bacteroidetes	Bacteroidia	Cytophagales	Cyclobacteriaceae	uncultured
OTU_1289	Bacteria	Firmicutes	Bacilli	Bacillales	Staphylococcaceae	Macrococcus
OTU_1290	Bacteria	Proteobacteria	Gammaproteobacteria	Cellvibrionales	Halieaceae	
OTU_1291	Unclassified					
OTU_1292	Bacteria	Hydrogenedentes	Hydrogenedentia	Hydrogenedentiales	Hydrogenedensaceae	
OTU_1293	Unclassified					
OTU_1294	Bacteria	Proteobacteria	Gammaproteobacteria	Cellvibrionales	Halieaceae	
OTU_1295	Bacteria	Proteobacteria	Deltaproteobacteria	Bradymonadales		
OTU_1296	Unclassified					
OTU_1297	Bacteria	Cyanobacteria	Oxyphotobacteria	Chloroplast		
OTU_1298	Bacteria	Acidobacteria	Subgroup 6			
OTU_1299	Unclassified					
OTU_1300	Bacteria	Chloroflexi	Anaerolineae	Anaerolineales	Anaerolineaceae	
OTU_1301	Bacteria	Verrucomicrobia	Verrucomicrobiae	Pedosphaerales	Pedosphaeraceae	
OTU_1302	Bacteria	Planctomycetes	Phycisphaerae	Phycisphaerales	Phycisphaeraceae	AKYG587
OTU_1303	Unclassified					
OTU_1304	Bacteria	Bacteroidetes	Bacteroidia	Cytophagales	Microscillaceae	uncultured
OTU_1305	Bacteria	Proteobacteria	Alphaproteobacteria	Rhodobacterales	Rhodobacteraceae	Roseivivax
OTU_1306	Unclassified					
OTU_1307	Unclassified					
OTU_1308	Unclassified					
OTU_1309	Unclassified					
OTU_1310	Bacteria	Proteobacteria	Alphaproteobacteria	Rhizobiales	Methyloligellaceae	uncultured
OTU_1311	Bacteria	Firmicutes	Clostridia	Clostridiales	Peptococcaceae	Thermincola
OTU_1312	Unclassified					
OTU_1313	Unclassified					
OTU_1314	Bacteria	Proteobacteria	Alphaproteobacteria	Rhizobiales	Hyphomicrobiaceae	
OTU_1315	Bacteria	Verrucomicrobia	Verrucomicrobiae	Opitutales	Puniceicoccaceae	Pelagicoccus
OTU_1316	Unclassified					
OTU_1317	Bacteria	Latescibacteria				
OTU_1318	Unclassified					
OTU_1319	Unclassified					
OTU_1320	Unclassified					
OTU_1321	Bacteria	Proteobacteria	Alphaproteobacteria	uncultured		
OTU_1322	Bacteria	Bacteroidetes	Bacteroidia	Flavobacteriales	Crocinitomicaceae	Fluviicola
OTU_1323	Bacteria	Bacteroidetes	Bacteroidia	Flavobacteriales	Flavobacteriaceae	Aquibacter
OTU_1324	Bacteria	Proteobacteria	Alphaproteobacteria	Rhodobacterales	Rhodobacteraceae	
OTU_1325	Bacteria	Bacteroidetes	Rhodothermia	Rhodothermales	Rhodothermaceae	uncultured
OTU_1326	Bacteria	Actinobacteria	Acidimicrobiia	Microtrichales	Microtrichaceae	Sva0996 marine group
OTU_1327	Bacteria	Proteobacteria	Deltaproteobacteria	Bdellovibrionales	Bdellovibrionaceae	OM27 clade
OTU_1328	Bacteria	Bacteroidetes	Bacteroidia	Cytophagales	Amoebophilaceae	Candidatus Amoebophilus
OTU_1329	Bacteria	Proteobacteria	Gammaproteobacteria	HOC36		
OTU_1330	Bacteria	Cyanobacteria	Oxyphotobacteria	Chloroplast		
OTU_1331	Bacteria	Proteobacteria	Deltaproteobacteria	Bdellovibrionales	Bdellovibrionaceae	OM27 clade
OTU_1332	Bacteria	Proteobacteria	Alphaproteobacteria	Micavibrionales	Micavibrionaceae	uncultured
OTU_1333	Bacteria	Proteobacteria	Gammaproteobacteria	Cellvibrionales	Spongiibacteraceae	BD1-7 clade
OTU_1334	Unclassified					
OTU_1335	Bacteria	Proteobacteria	Alphaproteobacteria	Rhodobacterales	Rhodobacteraceae	
OTU_1336	Unclassified					
OTU_1337	Bacteria	Bacteroidetes	Bacteroidia	Cytophagales	Microscillaceae	Microscilla
